date,status,session_time,type,duration,rpe,session_load
2015-11-20,Rest day,,[],,,0.0
2015-11-19,Full Training,7:00am,[],60.0,7,420.0
2015-11-19,Full Training,9:00am,[X-training],100.0,6 Hard,600.0
2015-11-19,Rest day,,[],,,0.0
2015-11-18,Full Training,6:30am,[],45.0,6 Hard,270.0
2015-11-17,Full Training,11:30am,[X-training],60.0,7,420.0
2015-11-17,Rest day,,[],,,0.0
2015-11-16,Full Training,6:30am,[],50.0,5,250.0
2015-11-16,Full Training,8:00am,[],60.0,7,420.0
2015-11-15,Full Training,8:30pm,[],60.0,7,420.0
2015-11-15,Rest day,,[],,,0.0
2015-11-14,Full Training,5:30pm,[],60.0,5,300.0
2015-11-14,Full Training,6:30am,[],40.0,4 Moderate,160.0
2015-11-14,Full Training,4:00pm,[],60.0,8 Very Hard,480.0
2015-11-13,Rest day,,[],,,0.0
2015-11-13,Full Training,9:00am,[X-training],30.0,5,150.0
2015-11-12,Full Training,7:00am,[],60.0,7,420.0
2015-11-10,Full Training,5:00pm,[],60.0,4 Moderate,240.0
2015-11-10,Full Training,4:00pm,[],70.0,6 Hard,420.0
2015-11-09,Full Training,6:00pm,[],60.0,5,300.0
2015-11-09,Full Training,8:00am,[],60.0,7,420.0
2015-11-09,Full Training,8:30am,[],90.0,5,450.0
2015-11-09,Sick,,[],,,0.0
2015-11-09,Full Training,4:00pm,[X-training],60.0,6 Hard,360.0
2015-11-08,Full Training,7:30am,[X-training],30.0,2 Light,60.0
2015-11-08,Sick,,[],,,0.0
2015-11-07,Full Training,4:00pm,[],60.0,8 Very Hard,480.0
2015-11-07,Full Training,6:30am,[],60.0,6 Hard,360.0
2015-11-06,Full Training,10:00am,[],80.0,8 Very Hard,640.0
2015-11-06,Full Training,10:00am,[],88.0,8 Very Hard,704.0
2015-11-06,Full Training,6:30pm,[],75.0,4 Moderate,300.0
2015-11-05,Modified Training,5:00pm,[],40.0,8 Very Hard,320.0
2015-11-05,Full Training,7:00am,[],70.0,7,490.0
2015-11-05,Full Training,10:00am,[],70.0,6 Hard,420.0
2015-11-05,Full Training,5:00pm,[],84.0,7,588.0
2015-11-04,Sick,,[],,,0.0
2015-11-04,Full Training,12:00pm,[],80.0,4 Moderate,320.0
2015-11-04,Full Training,5:00pm,[],60.0,6 Hard,360.0
2015-11-04,Full Training,6:30am,[X-training],60.0,5,300.0
2015-11-03,Sick,,[],,,0.0
2015-11-03,Full Training,6.00am,[X-training],45.0,7,315.0
2015-11-03,Full Training,6:30pm,[],60.0,4 Moderate,240.0
2015-11-03,Full Training,10:00am,[],100.0,5,500.0
2015-11-02,Full Training,8:00am,[],90.0,6 Hard,540.0
2015-11-02,Full Training,8:00am,[],60.0,6 Hard,360.0
2016-02-27,Full Training,10:00am,[],100.0,5,500.0
2016-02-27,Full Training,6:00pm,[],100.0,7,700.0
2016-02-27,Full Training,6.00am,[X-training],50.0,8 Very Hard,400.0
2016-01-28,Full Training,10:00am,[],150.0,7,1050.0
2016-01-28,Full Training,6:00pm,[],90.0,6 Hard,540.0
2016-01-28,Full Training,10:30am,[],35.0,4 Moderate,140.0
2016-01-28,Full Training,4:00pm,[],60.0,7,420.0
2016-01-28,Full Training,5:30pm,[X-training],30.0,3,90.0
2016-01-28,Full Training,11:30am,[],90.0,5,450.0
2016-01-28,Full Training,6:00pm,[],100.0,7,700.0
2015-12-28,Full Training,4:00pm,[],90.0,6 Hard,540.0
2015-11-28,Full Training,9:30am,[],90.0,6 Hard,540.0
2015-11-28,Full Training,9:00am,[],90.0,8 Very Hard,720.0
2015-11-28,Full Training,12:00pm,[],120.0,4 Moderate,480.0
2015-11-28,Full Training,7:00am,[],60.0,7,420.0
2015-10-28,Full Training,10:00am,[],120.0,5,600.0
2015-10-28,Full Training,4:00pm,[],90.0,7,630.0
2015-10-28,Full Training,10:00am,[],100.0,7,700.0
2015-10-28,Full Training,4:00pm,[],100.0,7,700.0
2015-09-27,Full Training,6:00pm,[],120.0,6 Hard,720.0
2015-09-27,Full Training,10:00am,[],60.0,6 Hard,360.0
2015-09-27,Full Training,11:00am,[],45.0,5,225.0
2015-09-27,Full Training,5:30am,[],90.0,4 Moderate,360.0
2015-09-27,Full Training,6:00pm,[],110.0,7,770.0
2015-08-28,Full Training,6:00pm,[Rehab],120.0,5,600.0
2015-08-28,Full Training,12:30pm,[],120.0,5,600.0
2015-08-28,Full Training,7:00am,[X-training],30.0,3,90.0
2015-08-28,Full Training,4:00pm,[],60.0,7,420.0
2015-08-28,Full Training,6:00pm,[],100.0,6 Hard,600.0
2015-08-28,Full Training,11:00am,[],120.0,6 Hard,720.0
2015-06-28,Rest day,,[],,,0.0
2015-06-28,Full Training,4:00pm,[],60.0,7,420.0
2015-05-28,Full Training,8:00am,[],120.0,7,840.0
2015-05-28,Full Training,8:00am,[],100.0,6 Hard,600.0
2015-05-28,Full Training,4:00pm,[],100.0,5,500.0
2015-05-28,Full Training,4:00pm,[],120.0,7,840.0
2015-04-30,Rest day,,[],,,0.0
2015-04-30,Full Training,7:30am,[],120.0,4 Moderate,480.0
2015-04-30,Full Training,8:00am,[],120.0,5,600.0
2015-04-30,Full Training,8:00am,[],100.0,6 Hard,600.0
2015-04-30,Full Training,7:00am,[],60.0,7,420.0
2015-04-30,Full Training,4:00pm,[],110.0,4 Moderate,440.0
2015-04-30,Full Training,4:00pm,[],120.0,7,840.0
2015-03-30,Full Training,6.00am,[],60.0,6 Hard,360.0
2015-03-30,Full Training,6:30am,[],50.0,6 Hard,300.0
2015-03-30,Rest day,,[],,,0.0
2015-03-30,Full Training,9:00am,[X-training],70.0,8 Very Hard,560.0
2015-03-30,Full Training,5:00pm,[],120.0,5,600.0
2015-10-20,Modified Training,5:30am,[],75.0,5,375.0
2015-10-20,Full Training,4:30pm,[X-training],60.0,8 Very Hard,480.0
2015-10-20,Full Training,5:30pm,[Yoga],55.0,4 Moderate,220.0
2015-10-20,Full Training,7:00pm,[],90.0,6 Hard,540.0
2015-10-19,Full Training,3:00pm,[],90.0,8 Very Hard,720.0
2015-10-19,Full Training,6:30am,[],50.0,6 Hard,300.0
2015-10-19,Full Training,4:00pm,[],60.0,6 Hard,360.0
2015-10-19,Full Training,6:30am,[X-training],30.0,4 Moderate,120.0
2015-10-18,Sick,,[],,,0.0
2015-10-18,Full Training,7:00pm,[],90.0,6 Hard,540.0
2015-10-18,Full Training,5:30pm,[Yoga],60.0,3,180.0
2015-10-18,Full Training,4:30pm,[X-training],60.0,8 Very Hard,480.0
2015-10-17,Full Training,7:00am,[],50.0,6 Hard,300.0
2015-10-17,Full Training,7:30am,[],90.0,6 Hard,540.0
2015-10-17,Full Training,6.00am,[],60.0,6 Hard,360.0
2015-10-17,Full Training,6:00pm,[],60.0,4 Moderate,240.0
2015-10-17,Full Training,5:00pm,[],90.0,7,630.0
2015-10-17,Full Training,4:00pm,[],60.0,7,420.0
2015-10-16,Rest day,,[],,,0.0
2015-10-16,Rest day,,[],,,0.0
2015-10-16,Full Training,4:30pm,[],100.0,5,500.0
2015-10-15,Rest day,,[],,,0.0
2015-10-15,Full Training,7:00am,[],60.0,7,420.0
2015-10-15,Full Training,11:00am,[X-training],70.0,3,210.0
2015-10-15,Full Training,9:00am,[],90.0,7,630.0
2015-10-15,Full Training,9:30am,[],120.0,7,840.0
2015-10-15,Sick,,[],,,0.0
2015-10-14,Full Training,6.00am,[],60.0,6 Hard,360.0
2015-10-14,Sick,,[],,,0.0
2015-10-13,Full Training,7:00pm,[],90.0,6 Hard,540.0
2015-10-13,Full Training,5:30pm,[Yoga],45.0,3,135.0
2015-10-13,Full Training,4:30pm,[X-training],60.0,8 Very Hard,480.0
2015-10-13,Sick,,[],,,0.0
2015-10-13,Full Training,4:30pm,[Stretching],30.0,5,150.0
2015-10-12,Full Training,7:00am,[],45.0,6 Hard,270.0
2015-10-12,Full Training,6.00am,[],60.0,8 Very Hard,480.0
2015-10-12,Full Training,6:00pm,[X-training],30.0,6 Hard,180.0
2015-10-12,Full Training,4:30pm,[],85.0,7,595.0
2015-10-12,Full Training,4:00pm,[],60.0,8 Very Hard,480.0
2015-10-12,Full Training,6:00pm,[],45.0,6 Hard,270.0
2015-10-11,Full Training,6:00pm,[],10.0,8 Very Hard,80.0
2015-10-11,Full Training,7:00pm,[],120.0,7,840.0
2015-10-11,Full Training,5:30pm,[Yoga],45.0,2 Light,90.0
2015-10-11,Full Training,4:30pm,[X-training],60.0,9,540.0
2015-10-10,Full Training,7:30am,[],50.0,6 Hard,300.0
2015-10-10,Full Training,6:00pm,[X-training],30.0,8 Very Hard,240.0
2015-10-10,Full Training,10:00am,[],60.0,6 Hard,360.0
2015-10-10,Full Training,5:00pm,[],90.0,5,450.0
2015-10-10,Full Training,4:30pm,[],85.0,6 Hard,510.0
2015-10-10,Full Training,8:00am,[],60.0,8 Very Hard,480.0
2015-10-10,Full Training,6:00pm,[],60.0,5,300.0
2015-10-09,Rest day,,[],,,0.0
2015-10-09,Rest day,,[],,,0.0
2015-10-09,Modified Training,2:30pm,[],10.0,5,50.0
2015-10-08,Full Training,2:00pm,[X-training],90.0,2 Light,180.0
2015-10-08,Full Training,7:00am,[],70.0,6 Hard,420.0
2015-10-08,Rest day,,[],,,0.0
2015-10-08,Full Training,8:00am,[X-training],35.0,7,245.0
2015-10-08,Full Training,9:00am,[],60.0,6 Hard,360.0
2015-10-07,Full Training,6.00am,[],60.0,7,420.0
2015-10-07,Full Training,4:00pm,[Pilates],30.0,3,90.0
2015-10-07,Full Training,7:00am,[],50.0,6 Hard,300.0
2015-10-06,Full Training,5:30pm,[Yoga],60.0,5,300.0
2015-10-06,Full Training,7:00pm,[],120.0,6 Hard,720.0
2015-10-06,Modified Training,1:30pm,[],10.0,4 Moderate,40.0
2015-10-06,Rest day,,[],,,0.0
2015-10-06,Full Training,4:30pm,[],60.0,8 Very Hard,480.0
2015-10-05,Full Training,6:30am,[],60.0,6 Hard,360.0
2015-10-05,Full Training,6.00am,[],60.0,6 Hard,360.0
2015-10-05,Full Training,4:30pm,[Rehab],85.0,5,425.0
2015-10-04,Rest day,,[],,,0.0
2015-10-04,Modified Training,9:00am,[X-training],90.0,2 Light,180.0
2015-10-03,Rest day,,[],,,0.0
2015-10-03,Rest day,,[],,,0.0
2015-10-02,Full Training,12:00pm,[],90.0,7,630.0
2016-02-26,Full Training,10:00am,[],90.0,8 Very Hard,720.0
2016-01-27,Full Training,1:00pm,[],90.0,8 Very Hard,720.0
2015-12-27,Full Training,10:30am,[],30.0,3,90.0
2015-12-27,Full Training,2:30pm,[],70.0,8 Very Hard,560.0
2015-12-27,Full Training,9:00am,[Stretching],20.0,1,20.0
2015-12-27,Full Training,4:00pm,[],85.0,7,595.0
2015-11-27,Full Training,9:30am,[],40.0,5,200.0
2015-11-27,Full Training,2:30pm,"[Rehab, Stretching]",70.0,7,490.0
2015-11-27,Full Training,4:00pm,[],90.0,8 Very Hard,720.0
2015-10-27,Full Training,10:00am,[],90.0,8 Very Hard,720.0
2015-10-27,Full Training,11:30am,[],90.0,7,630.0
2015-10-27,Full Training,11:30am,"[Rehab, Stretching]",70.0,6 Hard,420.0
2015-10-27,Full Training,7:00pm,[],65.0,6 Hard,390.0
2015-10-27,Full Training,8:00pm,"[Rehab, Stretching]",70.0,6 Hard,420.0
2015-09-26,Full Training,6:30am,"[Rehab, Stretching]",165.0,4 Moderate,660.0
2015-09-26,Full Training,7:00am,[],110.0,5,550.0
2015-09-26,Full Training,1:30pm,[],90.0,3,270.0
2015-09-26,Full Training,6:00pm,[],60.0,4 Moderate,240.0
2015-08-27,Rest day,,[],,,0.0
2015-08-27,Full Training,7:30am,[],100.0,7,700.0
2015-08-27,Full Training,7:00am,[],120.0,5,600.0
2015-08-27,Full Training,7:30am,[],120.0,5,600.0
2015-08-27,Full Training,7:00am,"[Rehab, Stretching]",30.0,4 Moderate,120.0
2015-08-27,Full Training,4:00pm,"[Rehab, Stretching]",120.0,5,600.0
2015-08-27,Full Training,4:00pm,[],100.0,6 Hard,600.0
2015-07-27,Full Training,4:30pm,[],180.0,5,900.0
2015-07-27,Modified Training,8:00am,[],60.0,2 Light,120.0
2015-07-27,Full Training,3:30pm,"[Rehab, Stretching]",25.0,4 Moderate,100.0
2015-07-27,Full Training,5:00pm,[],120.0,5,600.0
2015-06-27,Full Training,6.00am,[],60.0,7,420.0
2015-06-27,Full Training,7:30am,[],50.0,5,250.0
2015-06-27,Full Training,5:00pm,[],120.0,4 Moderate,480.0
2015-06-27,Full Training,5:00pm,[],90.0,5,450.0
2015-05-27,Full Training,5:30am,[],80.0,4 Moderate,320.0
2015-05-27,Full Training,11:30am,[],45.0,6 Hard,270.0
2015-05-27,Full Training,5:30am,[],90.0,4 Moderate,360.0
2015-05-27,Full Training,7:00pm,[],105.0,7,735.0
2015-05-27,Full Training,5:30pm,[Yoga],50.0,5,250.0
2015-05-27,Full Training,4:30pm,[X-training],60.0,7,420.0
2015-04-29,Full Training,7:00pm,[],60.0,6 Hard,360.0
2015-04-29,Full Training,6:30am,[],60.0,6 Hard,360.0
2015-04-29,Full Training,4:00pm,[X-training],40.0,7,280.0
2015-04-29,Full Training,4:30pm,[],70.0,6 Hard,420.0
2015-04-29,Full Training,5:00pm,[],120.0,6 Hard,720.0
2015-04-29,Full Training,4:00pm,[],60.0,6 Hard,360.0
2015-04-29,Full Training,5:00pm,[],60.0,5,300.0
2015-03-29,Full Training,6:00pm,"[Stretching, Pilates]",45.0,2 Light,90.0
2015-03-29,Full Training,7:00pm,[],95.0,7,665.0
2015-03-29,Full Training,5:30pm,[Yoga],55.0,5,275.0
2015-03-29,Full Training,4:30pm,[X-training],60.0,10 Maximal,600.0
2015-09-19,Rest day,,[],,,0.0
2015-09-19,Full Training,6:30am,[],60.0,7,420.0
2015-09-19,Full Training,6:30am,[],,7,
2015-09-19,Rest day,,[],,,0.0
2015-09-19,Full Training,5:30pm,[],70.0,6 Hard,420.0
2015-09-19,Full Training,2:30pm,[X-training],70.0,6 Hard,420.0
2015-09-19,Full Training,5:00pm,[],120.0,5,600.0
2015-09-19,Full Training,8:00am,[],60.0,6 Hard,360.0
2015-09-18,Full Training,10:00am,[X-training],60.0,2 Light,120.0
2015-09-17,Full Training,9:00am,[],45.0,5,225.0
2015-09-17,Full Training,8:00am,"[X-training, Stretching]",60.0,8 Very Hard,480.0
2015-09-17,Full Training,7:00am,[],60.0,6 Hard,360.0
2015-09-17,Rest day,,[],,,0.0
2015-09-17,Full Training,9:00am,[],120.0,6 Hard,720.0
2015-09-17,Full Training,5:00pm,[],120.0,7,840.0
2015-09-16,Rest day,,[],,,0.0
2015-09-16,Rest day,,[],,,0.0
2015-09-16,Full Training,4:00pm,[],50.0,7,350.0
2015-09-16,Full Training,5:00pm,[],105.0,4 Moderate,420.0
2015-09-16,Full Training,5:00pm,[],75.0,5,375.0
2015-09-16,Full Training,6:00pm,[],120.0,8 Very Hard,960.0
2015-09-15,Full Training,4:30pm,[X-training],60.0,9,540.0
2015-09-15,Full Training,10:30am,[],45.0,7,315.0
2015-09-15,Full Training,7:00pm,[],120.0,6 Hard,720.0
2015-09-15,Full Training,5:30pm,[Yoga],40.0,6 Hard,240.0
2015-09-15,Full Training,4:30pm,[X-training],40.0,8 Very Hard,320.0
2015-09-15,Full Training,5:30pm,[Yoga],60.0,5,300.0
2015-09-15,Full Training,7:00pm,[],90.0,5,450.0
2015-09-14,Rest day,,[],,,0.0
2015-09-14,Full Training,6:30am,[],50.0,7,350.0
2015-09-14,Full Training,5:30pm,[],90.0,5,450.0
2015-09-14,Full Training,4:00pm,[],90.0,9,810.0
2015-09-14,Full Training,3:30pm,[X-training],55.0,6 Hard,330.0
2015-09-14,Full Training,5:00pm,[],90.0,6 Hard,540.0
2015-09-13,Full Training,5:30pm,[Yoga],60.0,6 Hard,360.0
2015-09-13,Full Training,7:00pm,[],120.0,8 Very Hard,960.0
2015-09-13,Full Training,4:30pm,[X-training],60.0,8 Very Hard,480.0
2015-09-13,Full Training,6:00pm,"[Stretching, Pilates]",45.0,3,135.0
2015-09-13,Full Training,5:00pm,[Yoga],40.0,6 Hard,240.0
2015-09-13,Full Training,7:00pm,[],120.0,8 Very Hard,960.0
2015-09-13,Full Training,4:30pm,[X-training],40.0,9,360.0
2015-09-12,Full Training,7:30am,[],60.0,4 Moderate,240.0
2015-09-12,Full Training,8:00am,[],60.0,6 Hard,360.0
2015-09-12,Full Training,4:00pm,[],45.0,7,315.0
2015-09-12,Full Training,4:30pm,[],90.0,6 Hard,540.0
2015-09-12,Full Training,5:00pm,[],105.0,5,525.0
2015-09-12,Full Training,5:00pm,[],120.0,5,600.0
2015-09-11,Rest day,,[],,,0.0
2015-09-11,Rest day,,[],,,0.0
2015-09-11,Rest day,,[],,,0.0
2015-09-10,Full Training,9:30am,[],120.0,7,840.0
2015-09-10,Rest day,,[],,,0.0
2015-09-10,Rest day,,[],,,0.0
2015-09-10,Full Training,8:00am,[X-training],60.0,8 Very Hard,480.0
2015-09-10,Full Training,9:30am,[],45.0,5,225.0
2015-09-10,Full Training,9:30am,[],120.0,8 Very Hard,960.0
2015-09-10,Full Training,12:30pm,"[X-training, Stretching, Pilates]",60.0,4 Moderate,240.0
2015-09-09,Full Training,6.00am,[],60.0,7,420.0
2015-09-09,Full Training,6.00am,[],60.0,5,300.0
2015-09-09,Rest day,,[],,,0.0
2015-09-09,Full Training,5:30pm,[],55.0,4 Moderate,220.0
2015-09-09,Full Training,5:00pm,[],105.0,6 Hard,630.0
2015-09-08,Other training,6:30pm,[Pilates],30.0,3,90.0
2015-09-08,Full Training,5:30pm,[Yoga],40.0,6 Hard,240.0
2015-09-08,Full Training,4:30pm,[X-training],40.0,9,360.0
2015-09-08,Full Training,7:00pm,[],120.0,8 Very Hard,960.0
2015-09-08,Full Training,10:30am,[],45.0,8 Very Hard,360.0
2015-09-08,Full Training,6:00pm,"[Stretching, Pilates]",60.0,2 Light,120.0
2015-09-08,Full Training,4:30pm,[X-training],60.0,9,540.0
2015-09-08,Full Training,5:30pm,[Yoga],50.0,6 Hard,300.0
2015-09-08,Full Training,7:00pm,[],120.0,8 Very Hard,960.0
2015-09-07,Full Training,6.00am,[],60.0,6 Hard,360.0
2015-09-07,Full Training,6.00am,[],60.0,5,300.0
2015-09-07,Full Training,7:30pm,[],60.0,5,300.0
2015-09-07,Full Training,4:30pm,"[Rehab, Stretching]",90.0,6 Hard,540.0
2015-09-07,Full Training,4:00pm,[],60.0,8 Very Hard,480.0
2015-09-07,Full Training,9:00am,[],30.0,4 Moderate,120.0
2015-09-06,Full Training,9:00pm,[],60.0,4 Moderate,240.0
2015-09-06,Full Training,5:30pm,[Yoga],40.0,6 Hard,240.0
2015-09-06,Full Training,4:30pm,[X-training],40.0,9,360.0
2015-09-06,Rest day,,[],,,0.0
2015-09-06,Full Training,4:00pm,[],30.0,6 Hard,180.0
2015-09-06,Full Training,7:00pm,[],120.0,8 Very Hard,960.0
2015-09-06,Full Training,7:00pm,[],120.0,8 Very Hard,960.0
2015-09-06,Full Training,5:30pm,[Yoga],55.0,6 Hard,330.0
2015-09-06,Full Training,4:30pm,[X-training],60.0,9,540.0
2015-09-05,Full Training,6.00am,[],60.0,7,420.0
2015-09-05,Full Training,5:00pm,[],120.0,5,600.0
2015-09-05,Rest day,,[],,,0.0
2015-09-05,Full Training,4:30pm,[X-training],125.0,8 Very Hard,1000.0
2015-09-05,Full Training,3:30pm,[Rehab],60.0,1,60.0
2015-09-05,Modified Training,6:00pm,[],60.0,5,300.0
2015-09-04,Full Training,10:00am,[],10.0,5,50.0
2015-09-04,Rest day,,[],,,0.0
2015-09-03,Full Training,7:00am,[],60.0,7,420.0
2015-09-03,Full Training,10:00am,[],60.0,3,180.0
2015-09-03,Full Training,5:00pm,[X-training],10.0,8 Very Hard,80.0
2015-09-03,Full Training,9:30am,[],60.0,5,300.0
2015-09-03,Full Training,9:30am,[],120.0,8 Very Hard,960.0
2015-09-03,Full Training,9:30am,[],120.0,8 Very Hard,960.0
2015-09-03,Full Training,6:00pm,[],50.0,6 Hard,300.0
2015-09-02,Full Training,6.00am,[],60.0,6 Hard,360.0
2015-09-02,Full Training,5:00pm,[],90.0,4 Moderate,360.0
2015-09-02,Full Training,8:00am,[],60.0,4 Moderate,240.0
2015-09-02,Full Training,1:00pm,[X-training],60.0,4 Moderate,240.0
2015-09-02,Full Training,3:00pm,[],40.0,7,280.0
2016-02-25,Full Training,10:30am,[],45.0,7,315.0
2016-02-25,Full Training,2:30pm,[X-training],90.0,5,450.0
2016-02-25,Full Training,1:30pm,[X-training],30.0,2 Light,60.0
2016-02-25,Full Training,3:00pm,[],45.0,5,225.0
2016-02-25,Full Training,4:30pm,[X-training],60.0,8 Very Hard,480.0
2016-02-25,Full Training,5:30pm,[Yoga],50.0,5,250.0
2016-02-25,Full Training,4:30pm,[X-training],40.0,9,360.0
2016-02-25,Full Training,7:00pm,[],100.0,7,700.0
2016-02-25,Full Training,7:00pm,[],120.0,8 Very Hard,960.0
2016-02-25,Full Training,5:30pm,[Yoga],40.0,7,280.0
2016-01-26,Full Training,6.00am,[],60.0,7,420.0
2016-01-26,Full Training,4:00pm,[],60.0,8 Very Hard,480.0
2016-01-26,Full Training,8:00am,[],60.0,6 Hard,360.0
2016-01-26,Full Training,7:00pm,[],60.0,5,300.0
2016-01-26,Full Training,4:00pm,[],75.0,6 Hard,450.0
2016-01-26,Full Training,7:30pm,[],60.0,7,420.0
2016-01-26,Full Training,7:30pm,[],55.0,7,385.0
2015-12-26,Full Training,8:00pm,[],60.0,4 Moderate,240.0
2015-12-26,Full Training,5:30pm,[Yoga],30.0,6 Hard,180.0
2015-12-26,Full Training,4:30pm,[X-training],40.0,9,360.0
2015-12-26,Full Training,4:30pm,[],42.0,6 Hard,252.0
2015-12-26,Full Training,5:30pm,[Yoga],60.0,5,300.0
2015-12-26,Full Training,4:30pm,[X-training],60.0,8 Very Hard,480.0
2015-12-26,Full Training,7:00pm,[],120.0,8 Very Hard,960.0
2015-12-26,Full Training,7:00pm,[],120.0,8 Very Hard,960.0
2015-11-26,Full Training,8:00am,[],60.0,6 Hard,360.0
2015-11-26,Full Training,10:30am,[X-training],30.0,4 Moderate,120.0
2015-11-26,Rest day,,[],,,0.0
2015-11-26,Modified Training,1:30pm,"[X-training, Stretching]",45.0,4 Moderate,180.0
2015-11-26,Full Training,4:00pm,[],30.0,2 Light,60.0
2015-11-26,Full Training,7:00am,[X-training],45.0,4 Moderate,180.0
2015-10-26,Rest day,,[],,,0.0
2015-10-26,Rest day,,[],,,0.0
2015-10-26,Full Training,5:30pm,[],80.0,7,560.0
2015-09-25,Full Training,8:00am,[],60.0,6 Hard,360.0
2015-09-25,Full Training,9:00am,[],45.0,4 Moderate,180.0
2015-09-25,Full Training,9:30am,[],120.0,7,840.0
2015-09-25,Full Training,7:00am,[],75.0,7,525.0
2015-09-25,Full Training,12:30pm,[],75.0,5,375.0
2015-08-26,Full Training,6:30am,[],20.0,4 Moderate,80.0
2015-08-26,Full Training,6.00am,[],60.0,6 Hard,360.0
2015-08-26,Full Training,5:30pm,[],80.0,5,400.0
2015-08-26,Full Training,5:00pm,[],90.0,4 Moderate,360.0
2015-08-26,Full Training,4:00pm,[],15.0,4 Moderate,60.0
2015-07-26,Full Training,8:00am,[],60.0,6 Hard,360.0
2015-07-26,Full Training,10:00am,[],15.0,5,75.0
2015-07-26,Full Training,10:30am,[X-training],45.0,7,315.0
2015-07-26,Full Training,4:30pm,[X-training],40.0,8 Very Hard,320.0
2015-07-26,Full Training,7:00pm,[],120.0,8 Very Hard,960.0
2015-07-26,Full Training,5:00pm,[Yoga],30.0,6 Hard,180.0
2015-07-26,Full Training,7:00pm,[],120.0,7,840.0
2015-07-26,Full Training,4:30pm,[X-training],60.0,8 Very Hard,480.0
2015-07-26,Full Training,5:00pm,[Yoga],55.0,6 Hard,330.0
2015-06-26,Full Training,9:30am,[],90.0,6 Hard,540.0
2015-06-26,Full Training,6.00am,[],60.0,7,420.0
2015-06-26,Full Training,9:30pm,[],60.0,6 Hard,360.0
2015-06-26,Full Training,4:00pm,[],70.0,6 Hard,420.0
2015-06-26,Full Training,3:00pm,[],20.0,4 Moderate,80.0
2015-06-26,Full Training,6:00pm,[],60.0,5,300.0
2015-06-26,Full Training,4:30pm,[],85.0,8 Very Hard,680.0
2015-06-26,Modified Training,6:00pm,[],45.0,4 Moderate,180.0
2015-05-26,Full Training,9:00pm,[],45.0,5,225.0
2015-05-26,Full Training,6:00pm,[],30.0,4 Moderate,120.0
2015-05-26,Full Training,7:30am,[],60.0,6 Hard,360.0
2015-05-26,Full Training,3:30pm,[],30.0,6 Hard,180.0
2015-05-26,Rest day,,[],,,0.0
2015-05-26,Full Training,5:00pm,[Yoga],30.0,6 Hard,180.0
2015-05-26,Full Training,4:30pm,[X-training],40.0,7,280.0
2015-05-26,Full Training,4:30pm,[X-training],60.0,8 Very Hard,480.0
2015-05-26,Full Training,5:30pm,[Yoga],60.0,6 Hard,360.0
2015-04-28,Full Training,9:00am,[],50.0,6 Hard,300.0
2015-04-28,Sick,,[],,,0.0
2015-04-28,Full Training,9:30am,[],90.0,4 Moderate,360.0
2015-04-28,Full Training,4:30pm,[],85.0,7,595.0
2015-04-28,Full Training,10:00am,[],75.0,4 Moderate,300.0
2015-03-28,Rest day,,[],,,0.0
2015-03-28,Rest day,,[],,,0.0
2015-03-28,Full Training,12:30pm,[X-training],30.0,2 Light,60.0
2015-08-20,Full Training,9:30am,[],120.0,8 Very Hard,960.0
2015-08-20,Sick,,[],,,0.0
2015-08-20,Rest day,,[],,,0.0
2015-08-19,Full Training,6.00am,[],60.0,7,420.0
2015-08-19,Full Training,7:00pm,[],110.0,7,770.0
2015-08-19,Full Training,4:30pm,[X-training],60.0,8 Very Hard,480.0
2015-08-19,Full Training,4:30pm,[X-training],,8 Very Hard,
2015-08-19,Full Training,6.00am,[],90.0,7,630.0
2015-08-19,Full Training,5:00pm,[],90.0,4 Moderate,360.0
2015-08-19,Rest day,,[],,,0.0
2015-08-18,Rest day,,[],,,0.0
2015-08-18,Full Training,10:30am,[],45.0,8 Very Hard,360.0
2015-08-18,Full Training,4:30pm,[X-training],40.0,9,360.0
2015-08-18,Full Training,5:00pm,[Yoga],40.0,7,280.0
2015-08-18,Full Training,7:00pm,[],120.0,8 Very Hard,960.0
2015-08-17,Full Training,6.00am,[],60.0,6 Hard,360.0
2015-08-17,Full Training,11:00am,[X-training],60.0,6 Hard,360.0
2015-08-17,Full Training,7:00pm,[],60.0,4 Moderate,240.0
2015-08-17,Full Training,4:30pm,[],60.0,6 Hard,360.0
2015-08-17,Full Training,4:00pm,[],70.0,7,490.0
2015-08-17,Full Training,5:00pm,[],120.0,5,600.0
2015-08-16,Full Training,7:30am,[],60.0,7,420.0
2015-08-16,Full Training,5:30pm,[Yoga],50.0,4 Moderate,200.0
2015-08-16,Full Training,7:00pm,[],120.0,6 Hard,720.0
2015-08-16,Full Training,4:30pm,[X-training],60.0,8 Very Hard,480.0
2015-08-16,Full Training,8:00pm,[],60.0,4 Moderate,240.0
2015-08-16,Full Training,6:00pm,[],90.0,6 Hard,540.0
2015-08-16,Rest day,,[],,,0.0
2015-08-16,Full Training,6:00pm,"[Stretching, Pilates]",60.0,3,180.0
2015-08-16,Full Training,4:30pm,[X-training],40.0,9,360.0
2015-08-16,Full Training,5:00pm,[Yoga],50.0,6 Hard,300.0
2015-08-15,Full Training,6:30pm,[X-training],60.0,6 Hard,360.0
2015-08-15,Full Training,8:00am,[],60.0,7,420.0
2015-08-14,Full Training,11:00am,[X-training],90.0,3,270.0
2015-08-14,Full Training,9:30am,[],60.0,7,420.0
2015-08-14,Full Training,12:00pm,[],60.0,8 Very Hard,480.0
2015-08-14,Full Training,2:30pm,[],60.0,8 Very Hard,480.0
2015-08-13,Full Training,8:00am,[],60.0,7,420.0
2015-08-13,Full Training,11:30am,[],60.0,8 Very Hard,480.0
2015-08-13,Full Training,9:30am,[],70.0,7,490.0
2015-08-13,Full Training,12:00pm,[],70.0,6 Hard,420.0
2015-08-13,Full Training,9:00am,[],135.0,6 Hard,810.0
2015-08-13,Full Training,4:30pm,[],60.0,6 Hard,360.0
2015-08-13,Full Training,7:00am,[],70.0,6 Hard,420.0
2015-08-13,Full Training,6:00pm,[],60.0,6 Hard,360.0
2015-08-12,Full Training,6.00am,[],60.0,7,420.0
2015-08-12,Full Training,10:00am,[],60.0,6 Hard,360.0
2015-08-12,Full Training,7:00pm,[X-training],30.0,2 Light,60.0
2015-08-12,Modified Training,5:00pm,[],90.0,4 Moderate,360.0
2015-08-12,Full Training,6:00pm,[],45.0,6 Hard,270.0
2015-08-11,Full Training,3:00pm,[],65.0,6 Hard,390.0
2015-08-11,Full Training,5:30pm,[Yoga],30.0,6 Hard,180.0
2015-08-11,Full Training,4:30pm,[X-training],50.0,9,450.0
2015-08-11,Full Training,5:30pm,[Yoga],60.0,6 Hard,360.0
2015-08-11,Full Training,4:30pm,[X-training],60.0,9,540.0
2015-08-10,Full Training,10:00am,[],50.0,6 Hard,300.0
2015-08-10,Modified Training,6:00pm,[],60.0,4 Moderate,240.0
2015-08-10,Full Training,12:00pm,[],70.0,4 Moderate,280.0
2015-08-10,Full Training,6:30pm,[],60.0,7,420.0
2015-08-10,Full Training,4:30pm,[],80.0,7,560.0
2015-08-10,Full Training,6:00pm,[],45.0,5,225.0
2015-08-09,Full Training,7:30am,[],60.0,8 Very Hard,480.0
2015-08-09,Full Training,4:30pm,[X-training],40.0,8 Very Hard,320.0
2015-08-09,Full Training,5:30pm,"[Stretching, Yoga]",40.0,7,280.0
2015-08-09,Full Training,7:00pm,[],120.0,8 Very Hard,960.0
2015-08-09,Full Training,5:30pm,[Yoga],50.0,5,250.0
2015-08-09,Full Training,4:30pm,[],60.0,5,300.0
2015-08-09,Full Training,7:00pm,[],120.0,8 Very Hard,960.0
2015-08-09,Full Training,6:00pm,[],45.0,6 Hard,270.0
2015-08-08,Full Training,6.00am,[],60.0,8 Very Hard,480.0
2015-08-08,Full Training,1:00pm,[],50.0,6 Hard,300.0
2015-08-08,Full Training,10:00am,[],,,0.0
2015-08-08,Modified Training,8:00am,[],60.0,5,300.0
2015-08-08,Full Training,6:00pm,[],60.0,6 Hard,360.0
2015-08-07,Rest day,,[],,,0.0
2015-08-07,Full Training,3:30pm,[],90.0,6 Hard,540.0
2015-08-06,Rest day,,[],,,0.0
2015-08-06,Full Training,9:30am,[],90.0,5,450.0
2015-08-06,Full Training,9:30am,[],80.0,6 Hard,480.0
2015-08-06,Modified Training,7:00am,[],60.0,6 Hard,360.0
2015-08-05,Full Training,6.00am,[],75.0,8 Very Hard,600.0
2015-08-05,Full Training,8:30am,[X-training],65.0,6 Hard,390.0
2015-08-05,Modified Training,5:00pm,[],45.0,4 Moderate,180.0
2015-08-04,Full Training,5:30am,[],80.0,5,400.0
2015-08-04,Full Training,7:00pm,[],60.0,4 Moderate,240.0
2015-08-04,Modified Training,2:00pm,[X-training],20.0,4 Moderate,80.0
2015-08-04,Modified Training,4:00pm,[],60.0,7,420.0
2015-08-04,Full Training,4:30pm,[X-training],30.0,9,270.0
2015-08-04,Full Training,5:00pm,[Yoga],30.0,3,90.0
2015-08-04,Full Training,7:00pm,[],60.0,6 Hard,360.0
2015-08-04,Rest day,,[],,,0.0
2015-08-04,Full Training,5:30pm,[Yoga],60.0,6 Hard,360.0
2015-08-04,Full Training,4:30pm,[X-training],60.0,7,420.0
2015-08-03,Full Training,6.00am,[],90.0,6 Hard,540.0
2015-08-03,Full Training,9:00pm,[],60.0,7,420.0
2015-08-03,Full Training,5:00pm,[],50.0,4 Moderate,200.0
2015-08-03,Modified Training,1:00pm,[X-training],60.0,6 Hard,360.0
2015-08-03,Full Training,5:00pm,[],60.0,4 Moderate,240.0
2015-08-02,Sick,,[],,,0.0
2015-08-02,Rest day,,[],,,0.0
2015-08-02,Rest day,,[],,,0.0
2016-02-24,Rest day,,[],,,0.0
2016-02-24,Rest day,,[],,,0.0
2016-02-24,Rest day,,[],,,0.0
2016-01-25,Rest day,,[],,,0.0
2016-01-25,Full Training,1:00pm,[],70.0,7,490.0
2015-12-25,Full Training,5:30pm,[],90.0,7,630.0
2015-12-25,Full Training,3:00pm,[],65.0,6 Hard,390.0
2015-12-25,Full Training,4:30pm,[],60.0,3,180.0
2015-11-25,Full Training,10:30am,[],30.0,2 Light,60.0
2015-11-25,Full Training,6:00pm,[],90.0,7,630.0
2015-11-25,Full Training,7:30pm,[],70.0,8 Very Hard,560.0
2015-10-25,Full Training,11:30am,[],60.0,2 Light,120.0
2015-10-25,Full Training,12:30pm,[],90.0,6 Hard,540.0
2015-10-25,Full Training,10:30am,[],30.0,1,30.0
2015-10-25,Full Training,6.00am,[],70.0,8 Very Hard,560.0
2015-10-25,Full Training,7:30pm,[],75.0,8 Very Hard,600.0
2015-09-24,Rest day,,[],,,0.0
2015-09-24,Full Training,5:30pm,[],60.0,5,300.0
2015-09-24,Modified Training,6:30pm,[],60.0,4 Moderate,240.0
2015-09-24,Full Training,6.00am,[],60.0,6 Hard,360.0
2015-08-25,Full Training,8:30am,[],50.0,4 Moderate,200.0
2015-08-25,Full Training,8:30am,[],35.0,5,175.0
2015-08-25,Full Training,4:30pm,[],60.0,7,420.0
2015-08-25,Full Training,6:30pm,[],60.0,3,180.0
2015-07-25,Rest day,,[],,,0.0
2015-07-25,Other training,6:30am,[X-training],30.0,4 Moderate,120.0
2015-07-25,Full Training,6:30pm,[],75.0,6 Hard,450.0
2015-07-25,Rest day,,[],,,0.0
2015-07-25,Full Training,8:00am,"[X-training, Stretching]",60.0,7,420.0
2015-07-25,Full Training,5:00pm,[],60.0,4 Moderate,240.0
2015-07-25,Full Training,6:30pm,[],60.0,7,420.0
2015-07-25,Full Training,5:00pm,[],55.0,5,275.0
2015-06-25,Full Training,1:00pm,[],80.0,5,400.0
2015-06-25,Rest day,,[],,,0.0
2015-06-25,Full Training,2:00pm,[],60.0,4 Moderate,240.0
2015-05-25,Full Training,7:00pm,[],75.0,5,375.0
2015-05-25,Full Training,1:30pm,[],60.0,5,300.0
2015-05-25,Rest day,,[],,,0.0
2015-05-25,Full Training,7:00am,[],70.0,6 Hard,420.0
2015-05-25,Full Training,7:00am,[],70.0,8 Very Hard,560.0
2015-04-27,Other training,6:30am,[X-training],30.0,7,210.0
2015-04-27,Rest day,,[],,,0.0
2015-04-27,Full Training,6.00am,[],60.0,5,300.0
2015-04-27,Full Training,6:30pm,[],60.0,7,420.0
2015-03-27,Full Training,9:00am,[],60.0,6 Hard,360.0
2015-03-27,Sick,,[],,,0.0
2015-03-27,Full Training,9:30am,[],45.0,6 Hard,270.0
2015-03-27,Full Training,5:30am,[],90.0,5,450.0
2015-03-27,Sick,,[],,,0.0
2015-03-27,Full Training,4:30pm,[],45.0,6 Hard,270.0
2015-03-27,Full Training,6:00pm,[],60.0,3,180.0
2015-03-27,Modified Training,7:30pm,[],60.0,2 Light,120.0
2015-03-27,Modified Training,5:00pm,[X-training],25.0,5,125.0
2015-07-20,Full Training,5:00pm,[],80.0,6 Hard,480.0
2015-07-20,Full Training,7:00pm,[],75.0,5,375.0
2015-07-20,Other training,6:30am,[X-training],30.0,6 Hard,180.0
2015-07-20,Sick,,[],,,0.0
2015-07-20,Full Training,6:30pm,[Stretching],30.0,3,90.0
2015-07-20,Full Training,5:00pm,[],60.0,7,420.0
2015-07-20,Full Training,6:30pm,[],90.0,7,630.0
2015-07-19,Sick,,[],,,0.0
2015-07-19,Sick,,[],,,0.0
2015-07-19,Full Training,8:30am,[],60.0,6 Hard,360.0
2015-07-19,Full Training,5:00pm,[],60.0,6 Hard,360.0
2015-07-19,Full Training,6:30pm,[],50.0,4 Moderate,200.0
2015-07-19,Full Training,8:30am,[],60.0,6 Hard,360.0
2015-07-19,Full Training,6:30am,[],95.0,6 Hard,570.0
2015-07-18,Full Training,5:00pm,[],60.0,6 Hard,360.0
2015-07-18,Full Training,6:00pm,[],90.0,4 Moderate,360.0
2015-07-18,Sick,,[],,,0.0
2015-07-18,Full Training,9:30am,[],45.0,3,135.0
2015-07-18,Full Training,5:00pm,[],60.0,6 Hard,360.0
2015-07-18,Full Training,6:30pm,[],60.0,4 Moderate,240.0
2015-07-18,Full Training,6:30pm,[],90.0,6 Hard,540.0
2015-07-17,Full Training,10:00am,[],60.0,7,420.0
2015-07-17,Full Training,1:00pm,[],85.0,6 Hard,510.0
2015-07-17,Rest day,,[],,,0.0
2015-07-16,Full Training,12:30pm,[],90.0,7,630.0
2015-07-16,Modified Training,7:00am,[],60.0,6 Hard,360.0
2015-07-16,Full Training,6:30pm,[],55.0,6 Hard,330.0
2015-07-16,Modified Training,4:00pm,[X-training],60.0,4 Moderate,240.0
2015-07-16,Full Training,7:00pm,[],60.0,6 Hard,360.0
2015-07-15,Full Training,4:30pm,[],60.0,7,420.0
2015-07-15,Rest day,,[],,,0.0
2015-07-14,Full Training,7:30am,[],75.0,6 Hard,450.0
2015-07-14,Full Training,8:00am,[],60.0,6 Hard,360.0
2015-07-14,Full Training,9:30am,[],60.0,4 Moderate,240.0
2015-07-14,Full Training,9:30pm,[],60.0,6 Hard,360.0
2015-07-14,Full Training,6:30pm,[],60.0,7,420.0
2015-07-13,Full Training,6.00am,[],60.0,6 Hard,360.0
2015-07-13,Modified Training,7:00pm,[],90.0,5,450.0
2015-07-13,Full Training,5:00pm,[],60.0,6 Hard,360.0
2015-07-13,Full Training,6:30pm,[],95.0,6 Hard,570.0
2015-07-13,Full Training,6:30pm,[],60.0,7,420.0
2015-07-13,Full Training,5:00pm,[],60.0,6 Hard,360.0
2015-07-12,Full Training,8:00am,[],60.0,7,420.0
2015-07-12,Full Training,8:00am,[],60.0,5,300.0
2015-07-12,Full Training,7:30pm,[],90.0,5,450.0
2015-07-12,Full Training,4:30pm,[],60.0,7,420.0
2015-07-12,Full Training,6:30pm,[],60.0,5,300.0
2015-07-12,Full Training,6:00pm,[],60.0,4 Moderate,240.0
2015-07-12,Full Training,7:00pm,[],95.0,6 Hard,570.0
2015-07-12,Full Training,7:00pm,[],120.0,6 Hard,720.0
2015-07-11,Rest day,,[],,,0.0
2015-07-11,Full Training,8:30am,"[X-training, Stretching]",60.0,4 Moderate,240.0
2015-07-11,Rest day,,[],,,0.0
2015-07-10,Rest day,,[],,,0.0
2015-07-10,Rest day,,[],,,0.0
2015-07-09,Rest day,,[],,,0.0
2015-07-09,Full Training,9:00am,[X-training],45.0,2 Light,90.0
2015-07-09,Rest day,,[],,,0.0
2015-07-08,Rest day,,[],,,0.0
2015-07-08,Full Training,8:00am,[X-training],45.0,4 Moderate,180.0
2015-07-08,Rest day,,[],,,0.0
2015-07-07,Full Training,7:30am,[],60.0,5,300.0
2015-07-07,Full Training,8:00am,[],55.0,7,385.0
2015-07-07,Full Training,2:30pm,[],45.0,6 Hard,270.0
2015-07-07,Full Training,7:30pm,[],90.0,4 Moderate,360.0
2015-07-06,Full Training,6.00am,[],60.0,7,420.0
2015-07-06,Full Training,7:00pm,[],60.0,5,300.0
2015-07-06,Full Training,4:30pm,[],75.0,8 Very Hard,600.0
2015-07-06,Full Training,5:00pm,[],60.0,5,300.0
2015-07-05,Full Training,6.00am,[],60.0,6 Hard,360.0
2015-07-05,Full Training,6:30am,[],60.0,7,420.0
2015-07-05,Full Training,7:30pm,[],90.0,4 Moderate,360.0
2015-07-04,Full Training,6:30am,[],60.0,7,420.0
2015-07-04,Full Training,5:00pm,[],60.0,6 Hard,360.0
2015-07-04,Full Training,5:30pm,[],60.0,6 Hard,360.0
2015-07-04,Full Training,5:30pm,[],60.0,2 Light,120.0
2015-07-04,Full Training,6:00pm,[],90.0,5,450.0
2015-07-03,Full Training,12:00pm,[],45.0,5,225.0
2015-07-03,Rest day,,[],,,0.0
2016-02-23,Rest day,,[],,,0.0
2016-02-23,Full Training,9:00am,[],45.0,6 Hard,270.0
2016-02-23,Full Training,9:30am,[],100.0,3,300.0
2016-02-23,Full Training,1:00pm,[],100.0,6 Hard,600.0
2016-02-23,Full Training,6.00am,[X-training],60.0,6 Hard,360.0
2016-01-24,Full Training,6.00am,[],60.0,7,420.0
2016-01-24,Sick,,[],,,0.0
2016-01-24,Full Training,6:30pm,[],90.0,6 Hard,540.0
2016-01-24,Modified Training,6:00pm,[],90.0,5,450.0
2015-12-24,Full Training,9:30am,[],45.0,10 Maximal,450.0
2015-12-24,Sick,,[],,,0.0
2015-12-24,Modified Training,5:00pm,[],60.0,5,300.0
2015-12-24,Full Training,5:00pm,[],60.0,5,300.0
2015-11-24,Full Training,6.00am,[],80.0,9,720.0
2015-11-24,Modified Training,11:00am,[X-training],20.0,2 Light,40.0
2015-11-24,Full Training,6:30am,[],100.0,5,500.0
2015-11-24,Rest day,,[],,,0.0
2015-10-24,Sick,,[],,,0.0
2015-10-24,Full Training,10:30am,[],60.0,5,300.0
2015-10-24,Full Training,7:00pm,[],100.0,6 Hard,600.0
2015-10-24,Full Training,7:30pm,[],90.0,5,450.0
2015-09-23,Rest day,,[],,,0.0
2015-09-23,Full Training,5:00pm,[],100.0,6 Hard,600.0
2015-09-23,Rest day,,[],,,0.0
2015-08-24,Full Training,10:30am,[],90.0,7,630.0
2015-08-24,Full Training,1:30pm,[],60.0,5,300.0
2015-08-24,Full Training,10:30am,[],120.0,7,840.0
2015-08-24,Injured,,[],,,0.0
2015-07-24,Full Training,1:30pm,[],90.0,7,630.0
2015-07-24,Full Training,9:30am,[],120.0,8 Very Hard,960.0
2015-07-24,Full Training,9:30am,[],120.0,7,840.0
2015-07-24,Modified Training,3:00pm,[],60.0,6 Hard,360.0
2015-07-24,Modified Training,3:00pm,[],,6 Hard,
2015-07-24,Full Training,7:00pm,[],100.0,8 Very Hard,800.0
2015-07-24,Full Training,5:00pm,[],120.0,7,840.0
2015-07-24,Modified Training,7:00am,[],55.0,6 Hard,330.0
2015-07-24,Full Training,7:00am,[],60.0,6 Hard,360.0
2015-06-24,Full Training,6.00am,[],60.0,6 Hard,360.0
2015-06-24,Full Training,7:00pm,[],90.0,6 Hard,540.0
2015-06-24,Full Training,11:00am,[Stretching],20.0,2 Light,40.0
2015-06-24,Full Training,6:30pm,[],70.0,7,490.0
2015-06-24,Full Training,6:00pm,[],90.0,5,450.0
2015-05-24,Full Training,5:30am,[],85.0,5,425.0
2015-05-24,Full Training,7:30pm,[],90.0,6 Hard,540.0
2015-05-24,Full Training,4:00pm,[],85.0,7,595.0
2015-05-24,Full Training,6:30pm,[],60.0,3,180.0
2015-05-24,Full Training,7:30pm,[],100.0,8 Very Hard,800.0
2015-05-24,Full Training,7:30pm,[],90.0,5,450.0
2015-04-26,Full Training,6.00am,[],60.0,5,300.0
2015-04-26,Modified Training,6.00am,[X-training],60.0,6 Hard,360.0
2015-04-26,Full Training,4:30pm,[],60.0,3,180.0
2015-04-26,Full Training,5:00pm,[],100.0,4 Moderate,400.0
2015-04-26,Full Training,5:00pm,[],60.0,7,420.0
2015-04-26,Full Training,6:30am,[],100.0,5,500.0
2015-04-26,Full Training,7:00pm,[],60.0,6 Hard,360.0
2015-03-26,Modified Training,5:30am,"[Stretching, Pilates]",60.0,5,300.0
2015-03-26,Full Training,8:00am,[],60.0,7,420.0
2015-03-26,Full Training,7:30pm,[],75.0,4 Moderate,300.0
2015-03-26,Full Training,8:30am,[],100.0,6 Hard,600.0
2015-03-26,Full Training,4:30pm,[],70.0,6 Hard,420.0
2015-03-26,Full Training,6:30pm,[],120.0,7,840.0
2015-03-26,Full Training,7:00pm,[],110.0,7,770.0
2015-03-26,Full Training,7:30pm,[],80.0,5,400.0
2015-06-20,Rest day,,[],,,0.0
2015-06-20,Full Training,5:00pm,[],60.0,7,420.0
2015-06-20,Rest day,,[],,,0.0
2015-06-20,Full Training,6:30am,[],100.0,5,500.0
2015-06-20,Full Training,5:00pm,[],100.0,5,500.0
2015-06-20,Modified Training,6:30pm,[],75.0,5,375.0
2015-06-19,Full Training,9:30am,[],60.0,5,300.0
2015-06-19,Full Training,10:00am,[],75.0,7,525.0
2015-06-19,Rest day,,[],,,0.0
2015-06-19,Full Training,4:00pm,[],50.0,6 Hard,300.0
2015-06-19,Full Training,3:00pm,[],70.0,6 Hard,420.0
2015-06-18,Rest day,,[],,,0.0
2015-06-18,Modified Training,11:00am,[],60.0,7,420.0
2015-06-18,Full Training,9:00am,[],100.0,2 Light,200.0
2015-06-17,Full Training,8:00pm,[],60.0,8 Very Hard,480.0
2015-06-17,Full Training,6:30am,[],60.0,6 Hard,360.0
2015-06-17,Full Training,12:30pm,[X-training],20.0,4 Moderate,80.0
2015-06-17,Full Training,1:00pm,[X-training],45.0,4 Moderate,180.0
2015-06-17,Full Training,6:30pm,[],50.0,6 Hard,300.0
2015-06-17,Full Training,9:30pm,[],80.0,6 Hard,480.0
2015-06-16,Full Training,9:00am,[],60.0,2 Light,120.0
2015-06-16,Full Training,7:00am,[],70.0,7,490.0
2015-06-16,Full Training,9:00pm,[],60.0,6 Hard,360.0
2015-06-16,Full Training,9:00pm,[],100.0,8 Very Hard,800.0
2015-06-15,Full Training,7:30am,[],60.0,5,300.0
2015-06-15,Full Training,6:30am,[],75.0,8 Very Hard,600.0
2015-06-15,Full Training,4:30pm,[],70.0,6 Hard,420.0
2015-06-15,Full Training,5:00pm,[],60.0,6 Hard,360.0
2015-06-15,Full Training,6:30pm,[],75.0,4 Moderate,300.0
2015-06-15,Full Training,5:00pm,[],60.0,6 Hard,360.0
2015-06-15,Full Training,6:30pm,[],100.0,7,700.0
2015-06-15,Full Training,8:30pm,[],45.0,7,315.0
2015-06-14,Modified Training,5:30am,[],80.0,5,400.0
2015-06-14,Full Training,8:30am,[],70.0,7,490.0
2015-06-14,Full Training,8:30am,[],60.0,6 Hard,360.0
2015-06-14,Full Training,7:00pm,[],75.0,4 Moderate,300.0
2015-06-14,Full Training,7:00pm,[],60.0,7,420.0
2015-06-14,Full Training,7:00pm,[],90.0,8 Very Hard,720.0
2015-06-14,Full Training,9:30am,[],60.0,4 Moderate,240.0
2015-06-14,Full Training,7:30pm,[],60.0,8 Very Hard,480.0
2015-06-14,Modified Training,6:30pm,[],60.0,5,300.0
2015-06-13,Rest day,,[],,,0.0
2015-06-13,Full Training,5:30pm,[],75.0,3,225.0
2015-06-13,Full Training,7:00pm,[],90.0,7,630.0
2015-06-12,Full Training,10:00am,[],90.0,8 Very Hard,720.0
2015-06-12,Full Training,12:00pm,[],120.0,7,840.0
2015-06-12,Full Training,2:30pm,[],100.0,8 Very Hard,800.0
2015-06-12,Full Training,12:00pm,[],105.0,4 Moderate,420.0
2015-06-12,Rest day,,[],,,0.0
2015-06-11,Full Training,4:30pm,[],100.0,7,700.0
2015-06-11,Full Training,6:30am,[],120.0,4 Moderate,480.0
2015-06-11,Full Training,11:00am,[],20.0,2 Light,40.0
2015-06-11,Rest day,,[],,,0.0
2015-06-11,Full Training,4:00pm,[],120.0,7,840.0
2015-06-10,Full Training,6.00am,[],60.0,5,300.0
2015-06-10,Full Training,6.00am,[],80.0,7,560.0
2015-06-10,Full Training,6.00am,[],70.0,7,490.0
2015-06-10,Full Training,6:30am,[],100.0,8 Very Hard,800.0
2015-06-10,Full Training,8:30am,[],50.0,4 Moderate,200.0
2015-06-10,Full Training,6:30pm,[],90.0,8 Very Hard,720.0
2015-06-09,Full Training,7:30am,[],80.0,6 Hard,480.0
2015-06-09,Full Training,4:30pm,[],90.0,6 Hard,540.0
2015-06-09,Full Training,4:30pm,[],100.0,7,700.0
2015-06-09,Full Training,6:30pm,[],70.0,7,490.0
2015-06-09,Full Training,7:00pm,[],60.0,5,300.0
2015-06-08,Full Training,4:30pm,[],70.0,6 Hard,420.0
2015-06-08,Full Training,5:00pm,[],75.0,6 Hard,450.0
2015-06-08,Rest day,,[],,,0.0
2015-06-08,Full Training,6:30pm,[],90.0,4 Moderate,360.0
2015-06-08,Full Training,9:00pm,[],45.0,5,225.0
2015-06-07,Full Training,5:30am,[],85.0,7,595.0
2015-06-07,Full Training,8:30am,[],75.0,6 Hard,450.0
2015-06-07,Full Training,8:30am,[],60.0,5,300.0
2015-06-07,Full Training,4:30pm,[],75.0,8 Very Hard,600.0
2015-06-07,Full Training,4:30pm,[],90.0,7,630.0
2015-06-07,Full Training,6:30pm,[],110.0,4 Moderate,440.0
2015-06-07,Full Training,6:30pm,[],60.0,5,300.0
2015-06-07,Full Training,6:30pm,[],75.0,5,375.0
2015-06-07,Full Training,7:30pm,[],90.0,5,450.0
2015-06-07,Full Training,5:30am,[],90.0,6 Hard,540.0
2015-06-07,Full Training,6:30pm,[],90.0,7,630.0
2015-06-07,Full Training,7:30pm,[],90.0,4 Moderate,360.0
2015-06-06,Full Training,6.00am,[],60.0,5,300.0
2015-06-06,Full Training,5:30pm,[],60.0,6 Hard,360.0
2015-06-06,Full Training,7:00pm,[],60.0,5,300.0
2015-06-06,Rest day,,[],,,0.0
2015-06-06,Full Training,6:00pm,[],60.0,4 Moderate,240.0
2015-06-06,Full Training,5:30pm,[],75.0,3,225.0
2015-06-05,Full Training,10:00am,[],90.0,6 Hard,540.0
2015-06-05,Full Training,10:00am,[],70.0,8 Very Hard,560.0
2015-06-04,Full Training,7:00am,[],65.0,7,455.0
2015-06-04,Full Training,1:00pm,[],60.0,3,180.0
2015-06-04,Full Training,6:30pm,[],90.0,6 Hard,540.0
2015-06-04,Full Training,8:30pm,[],90.0,6 Hard,540.0
2015-06-04,Full Training,7:00am,[],85.0,7,595.0
2015-06-03,Full Training,6:00pm,[],60.0,5,300.0
2015-06-03,Full Training,7:30pm,[],70.0,6 Hard,420.0
2015-06-02,Full Training,5:30am,[],90.0,4 Moderate,360.0
2015-06-02,Full Training,6:30pm,[],90.0,6 Hard,540.0
2015-06-02,Full Training,7:30am,[],90.0,5,450.0
2016-02-22,Full Training,6.00am,[],60.0,6 Hard,360.0
2016-02-22,Full Training,6.00am,[],60.0,2 Light,120.0
2016-02-22,Full Training,5:00pm,[],70.0,6 Hard,420.0
2016-02-22,Full Training,6:30pm,[],90.0,5,450.0
2016-02-22,Full Training,6:30pm,[],90.0,5,450.0
2016-02-22,Full Training,9:00pm,[],40.0,5,200.0
2016-01-23,Sick,,[],,,0.0
2016-01-23,Full Training,8:00am,[],30.0,6 Hard,180.0
2016-01-23,Full Training,8:00am,[],50.0,6 Hard,300.0
2016-01-23,Full Training,4:30pm,[],70.0,6 Hard,420.0
2016-01-23,Full Training,6:30pm,[],90.0,4 Moderate,360.0
2016-01-23,Full Training,7:00pm,[],95.0,5,475.0
2016-01-23,Full Training,7:30pm,[],90.0,4 Moderate,360.0
2015-12-23,Rest day,,[],,,0.0
2015-12-23,Full Training,5:00pm,[],75.0,5,375.0
2015-12-23,Full Training,6:30pm,[],90.0,5,450.0
2015-11-23,Full Training,10:00am,[],60.0,5,300.0
2015-11-23,Full Training,10:00am,[],60.0,6 Hard,360.0
2015-10-23,Full Training,8:00am,[],60.0,6 Hard,360.0
2015-10-23,Full Training,1:00pm,[],60.0,7,420.0
2015-10-23,Full Training,6:30pm,[],60.0,6 Hard,360.0
2015-10-23,Full Training,4:00pm,[],90.0,6 Hard,540.0
2015-10-23,Full Training,9:30am,[],95.0,4 Moderate,380.0
2015-09-22,Full Training,6:30pm,[],60.0,6 Hard,360.0
2015-08-23,Modified Training,6.00am,[],70.0,7,490.0
2015-08-23,Modified Training,6.00am,[],,7,
2015-08-23,Modified Training,7:00am,[],60.0,4 Moderate,240.0
2015-08-23,Full Training,5:00pm,[],60.0,6 Hard,360.0
2015-08-23,Full Training,6:30pm,[],60.0,6 Hard,360.0
2015-08-23,Full Training,5:30am,[],90.0,5,450.0
2015-07-23,Rest day,,[],,,0.0
2015-07-23,Full Training,5:00pm,[],95.0,6 Hard,570.0
2015-07-23,Full Training,7:00pm,[],60.0,5,300.0
2015-07-23,Full Training,8:00pm,[],45.0,5,225.0
2015-06-23,Full Training,8:30am,[],60.0,7,420.0
2015-06-23,Full Training,6:30pm,[],120.0,6 Hard,720.0
2015-06-23,Full Training,4:30pm,[],90.0,8 Very Hard,720.0
2015-06-23,Full Training,4:30pm,[],90.0,9,810.0
2015-06-23,Full Training,6:30pm,[],90.0,4 Moderate,360.0
2015-06-23,Full Training,6:30pm,[],60.0,3,180.0
2015-06-23,Full Training,6:30pm,[],120.0,6 Hard,720.0
2015-05-23,Full Training,6.00am,[],60.0,6 Hard,360.0
2015-05-23,Full Training,5:00pm,[],75.0,5,375.0
2015-05-23,Rest day,,[],,,0.0
2015-05-23,Full Training,6:30pm,[],90.0,6 Hard,540.0
2015-04-25,Full Training,10:00am,[],60.0,8 Very Hard,480.0
2015-03-25,Full Training,4:00pm,[],60.0,7,420.0
2015-03-25,Full Training,7:00pm,[],60.0,8 Very Hard,480.0
2015-05-20,Rest day,,[],,,0.0
2015-05-20,Sick,,[],,,0.0
2015-05-20,Full Training,8:30pm,[],90.0,5,450.0
2015-05-19,Full Training,9:00pm,[],60.0,8 Very Hard,480.0
2015-05-19,Full Training,7:00pm,[],90.0,8 Very Hard,720.0
2015-05-19,Full Training,7:30pm,[],90.0,5,450.0
2015-05-18,Full Training,6.00am,[],60.0,7,420.0
2015-05-18,Full Training,5:00pm,[],60.0,5,300.0
2015-05-18,Full Training,5:00pm,[],60.0,4 Moderate,240.0
2015-05-18,Full Training,7:00pm,[],60.0,4 Moderate,240.0
2015-05-18,Full Training,7:30pm,[],75.0,5,375.0
2015-05-18,Full Training,9:00pm,[],45.0,6 Hard,270.0
2015-05-17,Full Training,5:00pm,[],75.0,6 Hard,450.0
2015-05-17,Full Training,7:30pm,[],90.0,7,630.0
2015-05-17,Full Training,6:30pm,[],90.0,5,450.0
2015-05-17,Full Training,7:30pm,[],90.0,5,450.0
2015-05-16,Full Training,6.00am,[],60.0,6 Hard,360.0
2015-05-16,Full Training,8:00am,[],90.0,3,270.0
2015-05-16,Rest day,,[],,,0.0
2015-05-15,Full Training,7:30am,[X-training],60.0,2 Light,120.0
2015-05-15,Full Training,8:30am,[Stretching],25.0,2 Light,50.0
2015-05-15,Full Training,1:00pm,[],90.0,7,630.0
2015-05-15,Full Training,1:30pm,[],60.0,7,420.0
2015-05-14,Full Training,4:30pm,[],90.0,7,630.0
2015-05-14,Full Training,7:00am,[],60.0,7,420.0
2015-05-13,Full Training,6.00am,[],60.0,4 Moderate,240.0
2015-05-13,Full Training,6:30am,[],60.0,6 Hard,360.0
2015-05-13,Full Training,8:30pm,[],90.0,7,630.0
2015-05-13,Full Training,6:00pm,[],90.0,6 Hard,540.0
2015-05-13,Full Training,8:30pm,[],60.0,9,540.0
2015-05-12,Full Training,5:30am,[],120.0,5,600.0
2015-05-12,Full Training,6:00pm,[],90.0,5,450.0
2015-05-12,Full Training,5:30am,[],90.0,8 Very Hard,720.0
2015-05-12,Full Training,5:30am,[],80.0,2 Light,160.0
2015-05-12,Full Training,7:30am,[],90.0,4 Moderate,360.0
2015-05-12,Full Training,4:00pm,[],70.0,8 Very Hard,560.0
2015-05-12,Full Training,6:30pm,[],90.0,7,630.0
2015-05-12,Full Training,5:00pm,[],75.0,6 Hard,450.0
2015-05-12,Full Training,6:30pm,[],60.0,3,180.0
2015-05-11,Modified Training,6.00am,[],60.0,4 Moderate,240.0
2015-05-11,Full Training,5:30am,[],90.0,4 Moderate,360.0
2015-05-11,Full Training,9:00am,[],50.0,6 Hard,300.0
2015-05-11,Other training,1:00pm,[Yoga],45.0,2 Light,90.0
2015-05-11,Full Training,6:00pm,[],120.0,5,600.0
2015-05-11,Full Training,5:00pm,[],90.0,8 Very Hard,720.0
2015-05-11,Full Training,7:00pm,[],60.0,5,300.0
2015-05-10,Full Training,4:30pm,[],60.0,7,420.0
2015-05-09,Full Training,5:30am,[],90.0,5,450.0
2015-05-09,Full Training,6:00pm,[],90.0,5,450.0
2015-05-09,Full Training,4:30pm,[],75.0,4 Moderate,300.0
2015-05-09,Full Training,5:00pm,[],75.0,6 Hard,450.0
2015-05-09,Full Training,6:00pm,[],30.0,8 Very Hard,240.0
2015-05-09,Full Training,7:00pm,[],60.0,5,300.0
2015-05-07,Full Training,7:00am,[],60.0,7,420.0
2015-05-07,Full Training,9:30am,[],90.0,6 Hard,540.0
2015-05-07,Full Training,1:00pm,[],60.0,7,420.0
2015-05-07,Full Training,7:00am,[],60.0,7,420.0
2015-05-06,Modified Training,6.00am,[X-training],60.0,3,180.0
2015-05-06,Full Training,8:30pm,[],40.0,5,200.0
2015-05-06,Full Training,6:30pm,[],60.0,6 Hard,360.0
2015-05-06,Full Training,6:30am,[],60.0,6 Hard,360.0
2015-05-06,Full Training,7:00pm,[],60.0,7,420.0
2015-05-06,Full Training,7:00pm,[],,7,
2015-05-05,Full Training,5:30am,[],90.0,6 Hard,540.0
2015-05-05,Full Training,5:00pm,[],75.0,6 Hard,450.0
2015-05-05,Full Training,4:30pm,[],70.0,8 Very Hard,560.0
2015-05-05,Full Training,6:00pm,[],75.0,4 Moderate,300.0
2015-05-05,Full Training,8:00pm,[],60.0,4 Moderate,240.0
2015-05-05,Full Training,6:30pm,[],60.0,6 Hard,360.0
2016-02-21,Full Training,6.00am,[],60.0,6 Hard,360.0
2016-02-21,Full Training,5:30am,[],70.0,4 Moderate,280.0
2016-02-21,Full Training,5:00pm,[],90.0,7,630.0
2016-02-21,Full Training,8:00am,[],60.0,7,420.0
2016-02-21,Full Training,7:00pm,[],45.0,5,225.0
2016-02-21,Full Training,6:00pm,[],120.0,5,600.0
2016-01-22,Full Training,5:30am,[],80.0,5,400.0
2016-01-22,Full Training,5:00pm,[],90.0,6 Hard,540.0
2016-01-22,Full Training,4:30pm,[],90.0,7,630.0
2016-01-22,Full Training,7:30pm,[],90.0,5,450.0
2016-01-22,Full Training,4:30pm,[],60.0,6 Hard,360.0
2016-01-22,Full Training,6:30pm,[],60.0,5,300.0
2016-01-22,Full Training,7:00pm,[],120.0,6 Hard,720.0
2015-12-22,Full Training,6.00am,[],60.0,6 Hard,360.0
2015-12-22,Full Training,5:30am,[],90.0,4 Moderate,360.0
2015-12-22,Full Training,4:30pm,[X-training],85.0,6 Hard,510.0
2015-12-22,Full Training,6:00pm,[],120.0,7,840.0
2015-10-22,Full Training,8:30am,[X-training],75.0,5,375.0
2015-10-22,Full Training,1:00pm,[],60.0,6 Hard,360.0
2015-10-22,Full Training,7:00am,[],65.0,6 Hard,390.0
2015-09-21,Full Training,6.00am,[],60.0,6 Hard,360.0
2015-09-21,Full Training,7:00pm,[],60.0,8 Very Hard,480.0
2015-09-21,Full Training,7:00am,[],70.0,6 Hard,420.0
2015-08-22,Full Training,5:30am,[],90.0,7,630.0
2015-08-22,Full Training,6:30pm,[],90.0,5,450.0
2015-07-22,Full Training,6.00am,[],60.0,5,300.0
2015-07-22,Full Training,7:00am,[],80.0,7,560.0
2015-07-22,Full Training,8:00am,[],90.0,5,450.0
2015-07-22,Full Training,5:00pm,[],90.0,6 Hard,540.0
2015-07-22,Full Training,7:00pm,[],45.0,6 Hard,270.0
2015-07-22,Full Training,7:30pm,[],60.0,4 Moderate,240.0
2015-07-22,Full Training,6:00pm,[],60.0,3,180.0
2015-07-22,Full Training,9:00pm,[],45.0,6 Hard,270.0
2015-06-22,Full Training,5:30am,[],90.0,6 Hard,540.0
2015-06-22,Full Training,5:30am,[],90.0,4 Moderate,360.0
2015-06-22,Full Training,5:00pm,[],90.0,6 Hard,540.0
2015-06-22,Full Training,7:30am,[],90.0,3,270.0
2015-06-22,Full Training,4:30pm,[],60.0,7,420.0
2015-05-22,Full Training,6.00am,[],60.0,4 Moderate,240.0
2015-05-22,Full Training,7:00am,[],90.0,7,630.0
2015-05-22,Full Training,7:00am,[],90.0,6 Hard,540.0
2015-05-22,Full Training,4:30pm,[X-training],120.0,6 Hard,720.0
2015-05-22,Full Training,6:00pm,[],120.0,5,600.0
2015-05-22,Full Training,7:30pm,[],120.0,7,840.0
2015-05-22,Full Training,7:30pm,[],,7,
2015-05-22,Full Training,7:30pm,[],,7,
2015-05-22,Full Training,5:00pm,[],90.0,5,450.0
2015-03-24,Modified Training,8:00am,[X-training],90.0,2 Light,180.0
2015-03-24,Full Training,9:00am,[],75.0,4 Moderate,300.0
2015-03-24,Full Training,7:00am,[],60.0,7,420.0
2015-04-22,Full Training,5:30am,[],90.0,4 Moderate,360.0
2015-04-22,Full Training,6.00am,[],80.0,6 Hard,480.0
2015-04-22,Full Training,8:00am,[],90.0,3,270.0
2015-04-22,Full Training,6:00pm,[],90.0,5,450.0
2015-04-21,Full Training,5:30am,[],75.0,4 Moderate,300.0
2015-04-21,Full Training,7:30am,[],75.0,4 Moderate,300.0
2015-04-21,Full Training,5:30am,[],90.0,7,630.0
2015-04-21,Full Training,5:00pm,[],120.0,4 Moderate,480.0
2015-04-20,Full Training,6.00am,[],90.0,7,630.0
2015-04-20,Full Training,10:00am,[],120.0,5,600.0
2015-04-20,Full Training,8:30am,[],75.0,7,525.0
2015-04-20,Full Training,4:00pm,[],60.0,6 Hard,360.0
2015-04-20,Full Training,6:00pm,[],65.0,4 Moderate,260.0
2015-04-20,Full Training,6:00pm,[],120.0,7,840.0
2015-04-20,Full Training,7:00pm,[],120.0,3,360.0
2015-04-20,Full Training,7:30pm,[],90.0,4 Moderate,360.0
2015-04-19,Modified Training,4:30pm,[X-training],90.0,4 Moderate,360.0
2015-04-19,Full Training,4:30pm,[],60.0,8 Very Hard,480.0
2015-04-19,Full Training,7:30pm,[],120.0,3,360.0
2015-04-19,Full Training,8:30pm,[],50.0,6 Hard,300.0
2015-04-19,Full Training,6:00pm,[],120.0,7,840.0
2015-04-18,Full Training,8:30am,[],70.0,7,490.0
2015-04-18,Full Training,6:30pm,[],90.0,5,450.0
2015-04-18,Full Training,7:00pm,[],70.0,8 Very Hard,560.0
2015-04-17,Modified Training,7:30am,[X-training],60.0,4 Moderate,240.0
2015-04-17,Full Training,4:00pm,[],90.0,6 Hard,540.0
2015-04-16,Sick,,[],,,0.0
2015-04-16,Full Training,7:00am,[],65.0,7,455.0
2015-04-16,Full Training,1:00pm,[],60.0,7,420.0
2015-04-16,Full Training,3:00pm,[],120.0,4 Moderate,480.0
2015-04-15,Full Training,6.00am,[],70.0,5,350.0
2015-04-15,Full Training,6.00am,[],70.0,5,350.0
2015-04-15,Sick,,[],,,0.0
2015-04-14,Sick,,[],,,0.0
2015-04-14,Full Training,1:30pm,[],150.0,7,1050.0
2015-04-14,Full Training,6:30pm,[],90.0,5,450.0
2015-04-14,Full Training,5:30am,[],90.0,7,630.0
2015-04-14,Full Training,1:30pm,[],150.0,7,1050.0
2015-04-13,Full Training,6.00am,[],80.0,7,560.0
2015-04-13,Full Training,8:30am,[],120.0,8 Very Hard,960.0
2015-04-13,Full Training,12:00pm,[],60.0,4 Moderate,240.0
2015-04-13,Full Training,7:00am,[],120.0,6 Hard,720.0
2015-04-12,Full Training,8:00am,[],120.0,6 Hard,720.0
2015-04-12,Full Training,8:00am,[],120.0,6 Hard,720.0
2015-04-12,Full Training,3:30pm,[],90.0,6 Hard,540.0
2015-04-12,Full Training,3:30pm,[],100.0,6 Hard,600.0
2015-04-12,Full Training,4:00pm,[X-training],30.0,2 Light,60.0
2015-04-12,Full Training,7:30am,[],90.0,4 Moderate,360.0
2015-04-12,Full Training,4:30pm,[],60.0,7,420.0
2015-04-11,Full Training,11:00am,[],90.0,6 Hard,540.0
2015-04-11,Full Training,11:00am,[],90.0,8 Very Hard,720.0
2015-04-11,Full Training,4:30pm,[],70.0,4 Moderate,280.0
2015-04-11,Full Training,6:00pm,[],120.0,6 Hard,720.0
2015-04-10,Full Training,3:30pm,[],90.0,7,630.0
2015-04-10,Full Training,3:30pm,[],60.0,5,300.0
2015-04-09,Full Training,7:30pm,[],90.0,8 Very Hard,720.0
2015-04-09,Full Training,12:30pm,[],60.0,6 Hard,360.0
2015-04-09,Full Training,7:00am,[],60.0,7,420.0
2015-04-09,Full Training,1:00pm,[],60.0,7,420.0
2015-04-09,Full Training,7:30pm,[],60.0,6 Hard,360.0
2015-04-08,Full Training,5:30am,[],80.0,4 Moderate,320.0
2015-04-08,Full Training,6:00pm,[],90.0,8 Very Hard,720.0
2015-04-07,Full Training,10:00am,[],90.0,4 Moderate,360.0
2015-04-07,Full Training,6:00pm,[],90.0,5,450.0
2015-04-07,Full Training,6:30pm,[],60.0,6 Hard,360.0
2015-04-06,Full Training,6.00am,[],80.0,6 Hard,480.0
2015-04-06,Full Training,9:00am,[],90.0,6 Hard,540.0
2015-04-06,Full Training,12:30pm,[],65.0,6 Hard,390.0
2015-04-06,Full Training,9:00am,[],120.0,8 Very Hard,960.0
2015-04-06,Full Training,7:00am,[],120.0,3,360.0
2015-04-05,Full Training,5:30am,[],90.0,7,630.0
2015-04-05,Full Training,8:30am,[],120.0,5,600.0
2015-04-05,Full Training,8:00am,[],120.0,5,600.0
2015-04-05,Full Training,3:30pm,[],120.0,6 Hard,720.0
2015-04-05,Full Training,3:00pm,[],120.0,5,600.0
2015-04-05,Full Training,6:00pm,"[Stretching, Pilates]",40.0,2 Light,80.0
2015-04-05,Full Training,4:00pm,[],65.0,7,455.0
2015-04-04,Full Training,6.00am,[],90.0,6 Hard,540.0
2015-04-04,Full Training,11:00am,[],90.0,6 Hard,540.0
2015-04-04,Modified Training,11:00am,[],100.0,7,700.0
2015-04-04,Modified Training,11:00am,[],,7,
2015-04-04,Full Training,4:30pm,[],60.0,6 Hard,360.0
2015-04-04,Full Training,6:00pm,[],100.0,6 Hard,600.0
2015-04-04,Full Training,7:30pm,[],90.0,6 Hard,540.0
2016-02-20,Full Training,9:00am,[],120.0,6 Hard,720.0
2016-02-20,Full Training,9:00am,[],,6 Hard,
2016-02-20,Full Training,9:00am,[],,6 Hard,
2016-02-20,Full Training,9:00am,[],120.0,6 Hard,720.0
2016-02-20,Full Training,9:30am,[],120.0,7,840.0
2016-02-20,Full Training,3:00pm,[],120.0,6 Hard,720.0
2016-02-20,Full Training,3:30pm,[],90.0,5,450.0
2016-02-20,Full Training,3:30pm,[],90.0,5,450.0
2016-02-20,Full Training,2:00pm,[],120.0,6 Hard,720.0
2016-01-21,Full Training,10:00am,[],120.0,8 Very Hard,960.0
2016-01-21,,,[],,,0.0
2016-01-21,Full Training,9:00am,[],120.0,6 Hard,720.0
2016-01-21,Full Training,9:00am,[],70.0,6 Hard,420.0
2016-01-21,Full Training,2:30pm,[],90.0,7,630.0
2016-01-21,Full Training,7:00am,[],65.0,7,455.0
2016-01-21,Full Training,3:30pm,[],120.0,5,600.0
2016-01-21,Full Training,3:30pm,[],120.0,7,840.0
2016-01-21,Full Training,3:30pm,[],,7,
2016-01-21,Full Training,4:00pm,[],120.0,6 Hard,720.0
2015-12-21,Full Training,6.00am,[],80.0,6 Hard,480.0
2015-12-21,Full Training,11:00am,[],90.0,6 Hard,540.0
2015-12-21,Full Training,11:00am,[],90.0,8 Very Hard,720.0
2015-12-21,Full Training,1:30pm,[],60.0,2 Light,120.0
2015-12-21,Full Training,1:30pm,[],60.0,3,180.0
2015-12-21,Full Training,6:00pm,[],90.0,7,630.0
2015-11-21,Full Training,1:30pm,[],120.0,7,840.0
2015-11-21,Full Training,6:30pm,[],90.0,5,450.0
2015-11-21,Full Training,5:30am,[],90.0,6 Hard,540.0
2015-10-21,Full Training,6.00am,[],60.0,6 Hard,360.0
2015-10-21,Full Training,8:00am,[],90.0,4 Moderate,360.0
2015-10-21,Full Training,9:00am,[],100.0,6 Hard,600.0
2015-10-21,Full Training,9:00am,[],120.0,8 Very Hard,960.0
2015-10-21,Full Training,6:00pm,[],110.0,5,550.0
2015-09-20,Full Training,8:00am,[],120.0,8 Very Hard,960.0
2015-09-20,Full Training,7:30am,[],120.0,6 Hard,720.0
2015-09-20,Full Training,4:30pm,[],60.0,8 Very Hard,480.0
2015-09-20,Full Training,6:30pm,[],90.0,5,450.0
2015-09-20,Full Training,3:30pm,[],120.0,4 Moderate,480.0
2015-09-20,Full Training,3:30pm,[],120.0,5,600.0
2015-09-20,Full Training,6:00pm,"[Yoga, Pilates]",60.0,3,180.0
2015-08-21,Full Training,6.00am,[],80.0,6 Hard,480.0
2015-08-21,Full Training,9:30am,[],120.0,6 Hard,720.0
2015-08-21,Modified Training,10:00am,[],105.0,7,735.0
2015-08-21,Full Training,3:30pm,[],60.0,6 Hard,360.0
2015-08-21,Full Training,3:00pm,[],90.0,7,630.0
2015-06-21,Other training,5:30pm,[X-training],60.0,2 Light,120.0
2015-05-21,Full Training,8:00am,[],90.0,5,450.0
2015-05-21,Full Training,8:00am,[],60.0,6 Hard,360.0
2015-03-22,Full Training,8:00am,[],60.0,6 Hard,360.0
2015-03-21,Full Training,1:00pm,[],60.0,4 Moderate,240.0
2015-03-20,Modified Training,8:00am,[X-training],120.0,3,360.0
2015-03-20,Full Training,12:00pm,[],120.0,6 Hard,720.0
2015-03-19,Full Training,12:30pm,[],90.0,6 Hard,540.0
2015-03-19,Full Training,5:00pm,[],60.0,5,300.0
2015-03-18,Other training,8:00am,[X-training],480.0,2 Light,960.0
2015-03-17,Modified Training,7:30am,[X-training],30.0,4 Moderate,120.0
2015-03-17,Other training,5:00pm,[X-training],25.0,8 Very Hard,200.0
2015-03-15,Full Training,9:00am,[],75.0,5,375.0
2015-03-15,Full Training,5:30am,[],120.0,3,360.0
2015-03-15,Full Training,7:00am,[],120.0,8 Very Hard,960.0
2015-03-14,Full Training,6.00am,[],70.0,6 Hard,420.0
2015-03-14,Full Training,9:00am,[],120.0,5,600.0
2015-03-14,Full Training,7:00am,[],120.0,7,840.0
2015-03-13,Other training,10:00am,[X-training],30.0,2 Light,60.0
2015-03-12,Full Training,9:00am,[],150.0,5,750.0
2015-03-12,Full Training,9:00am,[],120.0,7,840.0
2015-03-12,Full Training,9:00am,[],120.0,5,600.0
2015-03-11,Full Training,7:30am,[],120.0,6 Hard,720.0
2015-03-11,Full Training,7:30am,[],120.0,6 Hard,720.0
2015-03-11,Full Training,8:00am,[],120.0,6 Hard,720.0
2015-03-11,Full Training,7:00am,[],120.0,8 Very Hard,960.0
2015-03-11,Full Training,2:00pm,[],90.0,7,630.0
2015-03-11,Full Training,2:00pm,[],120.0,7,840.0
2015-03-11,Full Training,2:00pm,[],90.0,4 Moderate,360.0
2015-03-10,Modified Training,7:00am,[],60.0,6 Hard,360.0
2015-03-10,Full Training,6:30pm,[],75.0,3,225.0
2015-03-10,Full Training,1:00pm,[],90.0,3,270.0
2015-03-10,Full Training,1:00pm,[],90.0,6 Hard,540.0
2015-03-10,Full Training,1:00pm,[],90.0,5,450.0
2015-03-10,Full Training,5:00pm,[X-training],150.0,3,450.0
2015-03-10,Full Training,5:00pm,[X-training],120.0,6 Hard,720.0
2015-03-09,Full Training,8:30am,[],120.0,6 Hard,720.0
2015-03-09,Full Training,9:00am,[],75.0,5,375.0
2015-03-09,Full Training,9:00am,[],90.0,6 Hard,540.0
2015-03-08,Full Training,7:30am,[],105.0,6 Hard,630.0
2015-03-08,Full Training,7:30am,[],120.0,4 Moderate,480.0
2015-03-08,Full Training,7:30am,[],90.0,5,450.0
2015-03-08,Full Training,4:00pm,[Yoga],45.0,3,135.0
2015-03-08,Full Training,4:00pm,[Yoga],60.0,2 Light,120.0
2015-03-08,Full Training,5:00pm,[],120.0,7,840.0
2015-03-08,Full Training,5:00pm,[],120.0,5,600.0
2015-03-08,Full Training,5:00pm,[],120.0,5,600.0
2015-03-08,Full Training,7:00am,[],120.0,8 Very Hard,960.0
2015-03-08,Full Training,6:30pm,[],75.0,2 Light,150.0
2015-03-07,Full Training,2:00pm,[],90.0,5,450.0
2015-03-07,Full Training,2:00pm,[],120.0,6 Hard,720.0
2015-03-07,Full Training,2:00pm,[],90.0,6 Hard,540.0
2015-03-07,Full Training,6:00pm,[],60.0,4 Moderate,240.0
2015-03-07,Full Training,5:00pm,[],90.0,5,450.0
2015-03-07,Full Training,6:00pm,[],60.0,3,180.0
2015-03-05,Full Training,9:30am,[],120.0,6 Hard,720.0
2015-03-05,Full Training,9:00am,[],120.0,4 Moderate,480.0
2015-03-04,Modified Training,6.00am,[],100.0,4 Moderate,400.0
2015-03-04,Modified Training,6.00am,[],,4 Moderate,
2015-03-04,Full Training,6.00am,[],120.0,4 Moderate,480.0
2015-03-04,Full Training,2:00pm,[Stretching],130.0,5,650.0
2015-03-04,Full Training,2:00pm,[],60.0,6 Hard,360.0
2015-03-04,Full Training,4:00pm,[Stretching],60.0,1,60.0
2015-03-04,Full Training,2:00pm,[],90.0,6 Hard,540.0
2015-03-04,Full Training,2:00pm,[],90.0,8 Very Hard,720.0
2015-03-03,Full Training,6.00am,[X-training],120.0,3,360.0
2015-03-03,Full Training,8:00am,[],120.0,7,840.0
2015-03-03,Full Training,1:00pm,[],90.0,5,450.0
2015-03-03,Full Training,1:30pm,[],120.0,4 Moderate,480.0
2015-03-03,Full Training,1:00pm,[],90.0,5,450.0
2015-03-03,Modified Training,5:00pm,[],90.0,4 Moderate,360.0
2015-03-03,Full Training,5:00pm,[],120.0,5,600.0
2015-03-03,Full Training,5:00pm,[],120.0,6 Hard,720.0
2015-02-01,Full Training,8:30am,[],90.0,6 Hard,540.0
2015-02-01,Full Training,9:00am,[],60.0,5,300.0
2015-02-01,Full Training,9:00am,[],75.0,6 Hard,450.0
2015-01-01,Full Training,9:30am,[],110.0,9,990.0
2015-01-01,Full Training,7:30am,[],120.0,5,600.0
2015-01-01,Full Training,7:30am,[],,5,
2015-01-01,Full Training,7:30am,[],120.0,4 Moderate,480.0
2015-01-01,Full Training,5:30pm,[],120.0,5,600.0
2015-01-01,Full Training,5:30pm,[],120.0,8 Very Hard,960.0
2015-01-01,Modified Training,5:00pm,[],45.0,3,135.0
2015-01-01,Full Training,5:30pm,[],120.0,7,840.0
2014-12-02,Full Training,9:30am,[],110.0,9,990.0
2014-12-02,Modified Training,2:00pm,[],60.0,2 Light,120.0
2014-12-02,Full Training,2:00pm,[],75.0,6 Hard,450.0
2014-12-02,Full Training,2:00pm,[],90.0,7,630.0
2014-12-02,Full Training,5:30pm,[],120.0,4 Moderate,480.0
2014-12-02,Full Training,6:00pm,[],70.0,5,350.0
2014-12-02,Full Training,6:30pm,[],75.0,4 Moderate,300.0
2014-10-01,Full Training,10:00am,[],45.0,7,315.0
2014-10-01,Full Training,9:30am,[],120.0,4 Moderate,480.0
2014-10-01,Full Training,9:30am,[],120.0,5,600.0
2014-10-01,Full Training,2:00pm,[],65.0,7,455.0
2014-09-01,Sick,,[],,,0.0
2014-09-01,Full Training,8:00am,[],110.0,4 Moderate,440.0
2014-09-01,Full Training,2:00pm,[],90.0,3,270.0
2014-09-01,Sick,,[],,,0.0
2014-09-01,Modified Training,3:30pm,[Yoga],40.0,1,40.0
2014-09-01,Full Training,4:00pm,"[Stretching, Yoga]",30.0,3,90.0
2014-09-01,Full Training,7:00am,[],90.0,4 Moderate,360.0
2014-09-01,Full Training,2:00pm,[],90.0,8 Very Hard,720.0
2014-08-01,Modified Training,1:00pm,[],60.0,5,300.0
2014-08-01,Full Training,1:00pm,[],60.0,5,300.0
2014-08-01,Full Training,9:30am,[],90.0,7,630.0
2014-08-01,Full Training,1:30pm,[],60.0,5,300.0
2014-08-01,Full Training,5:30pm,[],90.0,3,270.0
2014-08-01,Full Training,7:30pm,[],60.0,6 Hard,360.0
2014-08-01,Sick,,[],,,0.0
2014-07-02,Full Training,9:00am,[],120.0,4 Moderate,480.0
2014-07-02,Full Training,4:30pm,[],60.0,4 Moderate,240.0
2014-07-02,Full Training,6:30pm,[],60.0,6 Hard,360.0
2014-06-01,Full Training,7:30am,[],120.0,6 Hard,720.0
2014-06-01,Full Training,8:00am,[],120.0,4 Moderate,480.0
2014-06-01,Full Training,9:30am,[],100.0,7,700.0
2014-06-01,Full Training,5:30pm,[],120.0,5,600.0
2014-06-01,Full Training,5:30pm,[],120.0,7,840.0
2014-05-04,Full Training,2:00pm,[],75.0,3,225.0
2014-05-04,Modified Training,2:00pm,[],60.0,4 Moderate,240.0
2014-05-04,Full Training,1:30pm,[],100.0,7,700.0
2015-02-18,Full Training,9:00am,[],105.0,9,945.0
2015-02-17,Full Training,9:00am,[],90.0,8 Very Hard,720.0
2015-02-16,Full Training,6.00am,[],30.0,9,270.0
2015-02-15,Full Training,9:00am,[],120.0,8 Very Hard,960.0
2015-02-15,Full Training,2:30pm,[],70.0,4 Moderate,280.0
2015-02-14,Full Training,9:00am,[],120.0,8 Very Hard,960.0
2015-02-14,Full Training,2:30pm,[],80.0,6 Hard,480.0
2015-02-11,Full Training,4:00pm,[],120.0,8 Very Hard,960.0
2015-02-10,Full Training,4:00pm,[],120.0,8 Very Hard,960.0
2015-02-08,Full Training,7:00am,[],140.0,9,1260.0
2015-02-07,Full Training,7:00am,[],120.0,8 Very Hard,960.0
2015-02-04,Full Training,7:00am,[],130.0,8 Very Hard,1040.0
2015-02-03,Full Training,5:30am,[],90.0,6 Hard,540.0
2015-01-31,Full Training,7:00am,[],125.0,8 Very Hard,1000.0
2014-10-31,Full Training,5:30am,[],90.0,5,450.0
2014-09-30,Full Training,6.00am,[],60.0,4 Moderate,240.0
2014-09-30,Full Training,4:00pm,[],120.0,7,840.0
2014-08-31,Rest day,7:00am,[],,,0.0
2014-07-31,Full Training,7:00am,[],120.0,9,1080.0
2014-07-01,Full Training,7:00am,[],100.0,8 Very Hard,800.0
2014-05-03,Full Training,2:00pm,[],,,0.0
2014-04-02,Full Training,4:00pm,[],,,0.0
2015-01-19,Rest,,[],,,0.0
2015-01-18,Full Training,7:00am,[],90.0,8 Very Hard,720.0
2015-01-17,Full Training,7:00am,[],105.0,7,735.0
2015-01-14,Full Training,9:00am,[],90.0,9,810.0
2015-01-12,,3:00pm,[],,,0.0
2015-01-11,Full Training,9:00am,[],90.0,8 Very Hard,720.0
2015-11-20,Full Training,5:30am,[Legwork],90.0,5,450.0
2015-11-17,Full Training,5:30am,[Legwork],90.0,4 Moderate,360.0
2015-11-16,Full Training,6:30pm,[Legwork],60.0,5,300.0
2015-11-15,Full Training,5:30am,[Legwork],90.0,4 Moderate,360.0
2015-11-10,Full Training,5:30am,[Legwork],90.0,4 Moderate,360.0
2015-11-08,Full Training,5:30am,[Legwork],75.0,4 Moderate,300.0
2015-11-07,Full Training,6:00pm,[Legwork],90.0,5,450.0
2015-11-02,Full Training,2:00pm,[Legwork],30.0,7,210.0
2015-07-28,Full Training,5:30am,[Legwork],90.0,5,450.0
2015-05-28,Full Training,8:00am,[Legwork],125.0,6 Hard,750.0
2015-04-30,Full Training,4:00pm,[Legwork],120.0,6 Hard,720.0
2015-10-20,Full Training,5:30am,[Legwork],90.0,5,450.0
2015-10-18,Full Training,5:30am,[Legwork],80.0,6 Hard,480.0
2015-10-18,Full Training,5:30am,[Legwork],90.0,5,450.0
2015-10-14,Full Training,5:30am,[Legwork],75.0,8 Very Hard,600.0
2015-10-13,Full Training,5:30am,[Legwork],90.0,6 Hard,540.0
2015-10-11,Full Training,5:30am,[Legwork],85.0,6 Hard,510.0
2015-10-11,Full Training,5:30am,[Legwork],90.0,5,450.0
2015-10-10,Full Training,5:30am,[Legwork],90.0,7,630.0
2015-10-06,Full Training,5:30am,[Legwork],90.0,6 Hard,540.0
2015-07-27,Full Training,4:00pm,[Legwork],30.0,7,210.0
2015-07-27,Full Training,4:00pm,[Legwork],60.0,6 Hard,360.0
2015-06-27,Full Training,5:30am,[Legwork],75.0,7,525.0
2015-05-27,Full Training,5:30am,[Legwork],90.0,6 Hard,540.0
2015-03-29,Full Training,5:30am,[Legwork],60.0,6 Hard,360.0
2015-03-29,Full Training,5:30am,[Legwork],90.0,6 Hard,540.0
2015-03-29,Full Training,5:30am,[Legwork],90.0,5,450.0
2015-09-19,Full Training,4:00pm,[Legwork],30.0,6 Hard,180.0
2015-09-18,Full Training,4:00pm,[Legwork],50.0,3,150.0
2015-09-15,Full Training,5:30am,[Legwork],95.0,6 Hard,570.0
2015-09-15,Full Training,5:30am,[Legwork],90.0,6 Hard,540.0
2015-09-13,Full Training,5:30am,[Legwork],80.0,6 Hard,480.0
2015-09-13,Full Training,5:30am,[Legwork],90.0,6 Hard,540.0
2015-09-13,Full Training,5:30am,[Legwork],95.0,7,665.0
2015-09-12,Full Training,3:30pm,[Legwork],45.0,6 Hard,270.0
2015-09-08,Full Training,5:30am,[Legwork],120.0,6 Hard,720.0
2015-09-08,Full Training,5:30am,[Legwork],100.0,6 Hard,600.0
2015-09-08,Full Training,5:30am,[Legwork],90.0,6 Hard,540.0
2015-09-06,Full Training,5:30am,[Legwork],90.0,5,450.0
2015-09-06,Full Training,5:30am,[Legwork],120.0,7,840.0
2016-02-25,Full Training,5:30am,[Legwork],90.0,6 Hard,540.0
2016-01-26,Full Training,11:00am,[Legwork],75.0,5,375.0
2015-11-26,Full Training,5:00pm,[Legwork],100.0,4 Moderate,400.0
2015-10-26,Full Training,8:00am,[Legwork],75.0,7,525.0
2015-05-26,Full Training,5:30am,[Legwork],90.0,6 Hard,540.0
2015-05-26,Full Training,7:00pm,[Legwork],120.0,8 Very Hard,960.0
2015-05-26,Full Training,7:00pm,[Legwork],120.0,7,840.0
2015-08-18,Full Training,5:30am,[Legwork],90.0,5,450.0
2015-08-16,Full Training,5:30am,[Legwork],90.0,6 Hard,540.0
2015-08-12,Full Training,8:00am,[Legwork],90.0,6 Hard,540.0
2015-08-11,Full Training,7:00pm,[Legwork],120.0,7,840.0
2015-08-09,Full Training,5:30am,[Legwork],90.0,6 Hard,540.0
2015-08-09,Full Training,12:00pm,[Legwork],60.0,6 Hard,360.0
2015-08-08,Full Training,12:00pm,[Legwork],,,0.0
2015-08-08,Modified Training,5:00pm,[Legwork],90.0,5,450.0
2015-08-25,Full Training,5:30am,[Legwork],90.0,6 Hard,540.0
2015-07-19,Full Training,5:30am,[Legwork],90.0,5,450.0
2015-07-19,Full Training,5:30am,[Legwork],80.0,5,400.0
2015-07-19,Full Training,5:30am,[Legwork],90.0,5,450.0
2015-07-19,Full Training,7:00pm,[Legwork],90.0,6 Hard,540.0
2015-07-18,Full Training,6:30pm,[Legwork],90.0,7,630.0
2015-07-12,Full Training,5:30am,[Legwork],85.0,5,425.0
2015-07-12,Full Training,5:30am,[Legwork],90.0,6 Hard,540.0
2015-07-05,Full Training,5:30am,[Legwork],90.0,6 Hard,540.0
2016-01-24,Full Training,8:00pm,[Legwork],105.0,6 Hard,630.0
2016-01-24,Full Training,10:00am,[Legwork],120.0,7,840.0
2015-09-23,Full Training,7:00pm,[Legwork],100.0,6 Hard,600.0
2015-05-24,Modified Training,5:30am,[Legwork],90.0,4 Moderate,360.0
2015-04-26,Full Training,8:00am,[Legwork],90.0,6 Hard,540.0
2015-04-26,Modified Training,6:30pm,[Legwork],60.0,4 Moderate,240.0
2015-06-20,Full Training,5:30am,[Legwork],90.0,6 Hard,540.0
2015-06-11,Full Training,6:30am,[Legwork],120.0,7,840.0
2015-06-09,Full Training,5:30am,[Legwork],80.0,5,400.0
2015-06-07,Full Training,5:30am,[Legwork],90.0,5,450.0
2015-06-02,Full Training,5:30am,[Legwork],120.0,8 Very Hard,960.0
2015-06-02,Full Training,5:30am,[Legwork],80.0,6 Hard,480.0
2016-01-23,Full Training,5:30am,[Legwork],90.0,6 Hard,540.0
2015-12-23,Full Training,5:30am,[Legwork],90.0,6 Hard,540.0
2015-06-23,Full Training,5:30am,[Legwork],90.0,6 Hard,540.0
2015-06-23,Full Training,5:30am,[Legwork],80.0,7,560.0
2015-05-19,Full Training,5:30am,[Legwork],120.0,5,600.0
2015-05-19,Full Training,6.00am,[Legwork],60.0,5,300.0
2015-05-17,Full Training,5:30am,[Legwork],90.0,6 Hard,540.0
2015-05-17,Full Training,5:30am,[Legwork],90.0,5,450.0
2015-05-16,Full Training,5:30am,[Legwork],90.0,6 Hard,540.0
2015-05-16,Full Training,6:00pm,[Legwork],120.0,6 Hard,720.0
2015-05-10,Full Training,5:30am,[Legwork],90.0,7,630.0
2015-05-10,Full Training,5:30am,[Legwork],80.0,5,400.0
2015-05-09,Full Training,5:30am,[Legwork],90.0,6 Hard,540.0
2015-05-05,Full Training,5:30am,[Legwork],80.0,5,400.0
2016-01-22,Full Training,5:30am,[Legwork],90.0,4 Moderate,360.0
2016-01-22,Full Training,5:30am,[Legwork],90.0,6 Hard,540.0
2015-12-22,Full Training,5:30am,[Legwork],90.0,7,630.0
2015-09-21,Full Training,5:30am,[Legwork],75.0,6 Hard,450.0
2015-09-21,Full Training,6:00pm,[Legwork],90.0,6 Hard,540.0
2015-08-22,Full Training,5:30am,[Legwork],75.0,3,225.0
2015-08-22,Full Training,5:30am,[Legwork],85.0,6 Hard,510.0
2015-06-22,Full Training,5:30am,[Legwork],120.0,6 Hard,720.0
2015-05-22,Full Training,5:30am,[Legwork],90.0,6 Hard,540.0
2015-04-19,Full Training,5:30am,[Legwork],90.0,5,450.0
2015-04-19,Full Training,5:30am,[Legwork],90.0,7,630.0
2015-04-18,Full Training,10:00am,[Legwork],120.0,5,600.0
2015-04-15,Full Training,6:00pm,[Legwork],90.0,7,630.0
2015-04-13,Full Training,6:00pm,[Legwork],90.0,7,630.0
2015-04-12,Full Training,5:30am,[Legwork],90.0,6 Hard,540.0
2015-04-12,Full Training,6:30pm,[Legwork],90.0,6 Hard,540.0
2015-04-12,Full Training,5:30am,[Legwork],90.0,5,450.0
2015-04-11,Full Training,5:30am,[Legwork],90.0,4 Moderate,360.0
2015-04-11,Full Training,5:30am,[Legwork],90.0,6 Hard,540.0
2015-04-07,Full Training,5:30am,[Legwork],90.0,4 Moderate,360.0
2015-04-07,Full Training,5:30am,[Legwork],90.0,7,630.0
2015-04-06,Full Training,8:00am,[Legwork],90.0,5,450.0
2015-04-06,Full Training,6:00pm,[Legwork],120.0,6 Hard,720.0
2015-04-05,Full Training,6:00pm,[Legwork],120.0,6 Hard,720.0
2015-04-04,Full Training,5:30am,[Legwork],90.0,6 Hard,540.0
2015-12-21,Full Training,5:30am,[Legwork],90.0,6 Hard,540.0
2015-12-21,Full Training,8:00am,[Legwork],90.0,6 Hard,540.0
2015-11-21,Full Training,5:30am,[Legwork],90.0,6 Hard,540.0
2015-11-21,Full Training,5:30am,[Legwork],120.0,5,600.0
2015-09-20,Full Training,5:30am,[Legwork],90.0,6 Hard,540.0
2015-09-20,Full Training,5:30am,[Legwork],90.0,6 Hard,540.0
2015-08-21,Full Training,5:30am,[Legwork],90.0,5,450.0
2015-08-21,Full Training,6:30pm,[Legwork],60.0,6 Hard,360.0
2015-03-05,Full Training,9:30am,[Legwork],120.0,7,840.0
2015-03-04,Full Training,6:30am,[Legwork],120.0,5,600.0
2014-12-02,Full Training,6:30am,[Legwork],80.0,6 Hard,480.0
2014-09-01,Full Training,2:30pm,[Legwork],85.0,6 Hard,510.0
2015-11-08,Full Training,5:30am,"[Swimming, Legwork]",120.0,6 Hard,720.0
2015-11-02,Full Training,8:00am,"[Swimming, Legwork]",100.0,6 Hard,600.0
2016-01-28,Full Training,5:30am,"[Swimming, Legwork]",70.0,5,350.0
2015-07-28,Full Training,6:00pm,"[Swimming, Legwork]",75.0,4 Moderate,300.0
2015-07-28,Full Training,6:00pm,"[Swimming, Legwork]",55.0,3,165.0
2015-03-30,Full Training,5:30am,"[Swimming, Legwork]",90.0,6 Hard,540.0
2015-10-20,Full Training,5:30am,"[Swimming, Legwork]",120.0,5,600.0
2015-10-19,Full Training,5:00pm,"[Swimming, Legwork]",60.0,6 Hard,360.0
2015-10-18,Full Training,5:00pm,"[Swimming, Legwork]",75.0,6 Hard,450.0
2015-10-17,Full Training,5:00pm,"[Swimming, Legwork]",120.0,5,600.0
2015-10-13,Full Training,5:30am,"[Swimming, Legwork]",90.0,5,450.0
2015-10-12,Full Training,9:00am,"[Swimming, Legwork]",40.0,8 Very Hard,320.0
2015-10-07,Full Training,5:30am,"[Swimming, Legwork]",90.0,7,630.0
2015-10-06,Full Training,6:00pm,"[Swimming, Legwork]",60.0,5,300.0
2015-10-04,Modified Training,2:30pm,"[Swimming, Legwork]",45.0,4 Moderate,180.0
2015-12-27,Full Training,2:00pm,"[Swimming, Legwork]",80.0,8 Very Hard,640.0
2015-06-27,Full Training,8:00am,"[Swimming, Legwork]",90.0,7,630.0
2015-06-27,Full Training,5:30am,"[Swimming, Legwork]",90.0,5,450.0
2015-05-27,Full Training,5:30am,"[Swimming, Legwork]",150.0,6 Hard,900.0
2015-03-29,Full Training,5:00pm,"[Swimming, Legwork]",60.0,6 Hard,360.0
2015-09-14,Full Training,5:00pm,"[Swimming, Legwork]",60.0,7,420.0
2015-09-13,Full Training,5:00pm,"[Swimming, Legwork]",60.0,6 Hard,360.0
2015-09-12,Full Training,5:00pm,"[Swimming, Legwork]",120.0,10 Maximal,1200.0
2015-09-07,Full Training,3:30pm,"[Swimming, Legwork]",45.0,5,225.0
2015-09-07,Full Training,5:00pm,"[Swimming, Legwork]",60.0,9,540.0
2015-09-06,Full Training,5:30am,"[Swimming, Legwork]",100.0,6 Hard,600.0
2015-09-03,Full Training,8:00am,"[Swimming, Legwork]",120.0,7,840.0
2016-02-25,Full Training,5:00pm,"[Swimming, Legwork]",60.0,5,300.0
2015-12-26,Full Training,5:30am,"[Swimming, Legwork]",120.0,9,1080.0
2015-12-26,Full Training,5:30am,"[Swimming, Legwork]",90.0,6 Hard,540.0
2015-12-26,Full Training,5:00pm,"[Swimming, Legwork]",60.0,6 Hard,360.0
2015-09-25,Full Training,8:00am,"[Swimming, Legwork]",120.0,8 Very Hard,960.0
2015-07-26,Full Training,5:30am,"[Swimming, Legwork]",90.0,8 Very Hard,720.0
2015-07-26,Full Training,5:30am,"[Swimming, Legwork]",120.0,8 Very Hard,960.0
2015-06-26,Full Training,8:00am,"[Swimming, Legwork]",90.0,5,450.0
2015-06-26,Full Training,5:30pm,"[Swimming, Legwork]",90.0,7,630.0
2015-05-26,Full Training,5:30am,"[Swimming, Legwork]",90.0,6 Hard,540.0
2015-05-26,Full Training,6:00pm,"[Swimming, Legwork]",90.0,6 Hard,540.0
2015-05-26,Full Training,5:30am,"[Swimming, Legwork]",120.0,8 Very Hard,960.0
2015-08-20,Full Training,5:30am,"[Swimming, Legwork]",60.0,5,300.0
2015-08-18,Full Training,5:30am,"[Swimming, Legwork]",120.0,7,840.0
2015-08-16,Full Training,5:30am,"[Swimming, Legwork]",120.0,8 Very Hard,960.0
2015-08-16,Full Training,5:30am,"[Swimming, Legwork]",90.0,5,450.0
2015-08-16,Full Training,7:00pm,"[Swimming, Legwork]",120.0,7,840.0
2015-08-13,Full Training,9:30am,"[Swimming, Legwork]",120.0,6 Hard,720.0
2015-08-11,Full Training,5:30am,"[Swimming, Legwork]",120.0,6 Hard,720.0
2015-08-11,Full Training,5:30am,"[Swimming, Legwork]",90.0,6 Hard,540.0
2015-08-11,Modified Training,5:30am,"[Swimming, Legwork]",90.0,6 Hard,540.0
2015-08-11,Full Training,5:00pm,"[Swimming, Legwork]",60.0,7,420.0
2015-08-11,Full Training,7:00pm,"[Swimming, Legwork]",120.0,7,840.0
2015-08-09,Full Training,5:30am,"[Swimming, Legwork]",120.0,6 Hard,720.0
2015-08-09,Full Training,6:00pm,"[Swimming, Legwork]",120.0,8 Very Hard,960.0
2015-08-06,Modified Training,9:00am,"[Swimming, Legwork]",120.0,6 Hard,720.0
2015-08-04,Modified Training,5:30am,"[Swimming, Legwork]",90.0,5,450.0
2016-02-24,Modified Training,5:30pm,"[Swimming, Legwork]",60.0,3,180.0
2015-07-14,Full Training,5:30am,"[Swimming, Legwork]",85.0,5,425.0
2015-07-14,Modified Training,5:30am,"[Swimming, Legwork]",90.0,4 Moderate,360.0
2015-07-13,Full Training,5:30am,"[Swimming, Legwork]",75.0,6 Hard,450.0
2015-07-12,Modified Training,5:30am,"[Swimming, Legwork]",90.0,5,450.0
2015-07-12,Full Training,5:30am,"[Swimming, Legwork]",120.0,5,600.0
2015-07-12,Modified Training,6:00pm,"[Swimming, Legwork]",90.0,6 Hard,540.0
2015-07-07,Full Training,5:30am,"[Swimming, Legwork]",120.0,7,840.0
2015-07-06,Modified Training,6:00pm,"[Swimming, Legwork]",60.0,3,180.0
2015-07-05,Full Training,5:30am,"[Swimming, Legwork]",120.0,8 Very Hard,960.0
2015-10-24,Full Training,5:30am,"[Swimming, Legwork]",120.0,5,600.0
2015-05-24,Full Training,5:30am,"[Swimming, Legwork]",120.0,3,360.0
2015-03-26,Full Training,5:30am,"[Swimming, Legwork]",120.0,8 Very Hard,960.0
2015-03-26,Full Training,5:30am,"[Swimming, Legwork]",90.0,5,450.0
2015-06-16,Full Training,5:30am,"[Swimming, Legwork]",90.0,6 Hard,540.0
2015-06-14,Full Training,5:30am,"[Swimming, Legwork]",120.0,8 Very Hard,960.0
2015-06-14,Full Training,7:30pm,"[Swimming, Legwork]",90.0,5,450.0
2015-06-14,Full Training,5:30am,"[Swimming, Legwork]",90.0,6 Hard,540.0
2015-06-13,Full Training,5:30am,"[Swimming, Legwork]",90.0,6 Hard,540.0
2016-01-23,Full Training,5:30am,"[Swimming, Legwork]",90.0,4 Moderate,360.0
2016-01-23,Full Training,5:30am,"[Swimming, Legwork]",120.0,6 Hard,720.0
2015-12-23,Full Training,5:30am,"[Swimming, Legwork]",80.0,6 Hard,480.0
2015-10-23,Full Training,5:30am,"[Swimming, Legwork]",120.0,8 Very Hard,960.0
2015-08-23,Full Training,5:30am,"[Swimming, Legwork]",90.0,5,450.0
2015-07-23,Full Training,5:30am,"[Swimming, Legwork]",60.0,5,300.0
2015-05-16,Modified Training,5:30am,"[Swimming, Legwork]",80.0,5,400.0
2015-05-13,Full Training,5:30am,"[Swimming, Legwork]",90.0,6 Hard,540.0
2015-05-13,Full Training,5:30am,"[Swimming, Legwork]",60.0,6 Hard,360.0
2015-05-11,Full Training,5:30am,"[Swimming, Legwork]",70.0,6 Hard,420.0
2015-05-05,Full Training,5:30am,"[Swimming, Legwork]",120.0,7,840.0
2015-05-22,Full Training,5:30am,"[Swimming, Legwork]",90.0,6 Hard,540.0
2015-04-22,Full Training,6.00am,"[Swimming, Legwork]",60.0,6 Hard,360.0
2015-04-21,Full Training,5:30am,"[Swimming, Legwork]",120.0,6 Hard,720.0
2015-04-21,Full Training,5:30am,"[Swimming, Legwork]",120.0,6 Hard,720.0
2015-04-20,Full Training,6.00am,"[Swimming, Legwork]",60.0,6 Hard,360.0
2015-04-19,Full Training,5:30am,"[Swimming, Legwork]",120.0,6 Hard,720.0
2015-04-08,Full Training,6.00am,"[Swimming, Legwork]",60.0,6 Hard,360.0
2015-04-04,Full Training,5:30am,"[Swimming, Legwork]",90.0,6 Hard,540.0
2015-10-21,Full Training,4:30pm,"[Swimming, Legwork]",60.0,4 Moderate,240.0
2015-10-21,Full Training,5:30pm,"[Swimming, Legwork]",40.0,6 Hard,240.0
2015-03-10,Full Training,7:00am,"[Swimming, Legwork]",120.0,6 Hard,720.0
2015-03-10,Full Training,6:30am,"[Swimming, Legwork]",120.0,5,600.0
2015-03-10,Full Training,6:30am,"[Swimming, Legwork]",120.0,5,600.0
2015-03-07,Full Training,6:30am,"[Swimming, Legwork]",120.0,9,1080.0
2015-03-07,Full Training,7:00am,"[Swimming, Legwork]",90.0,5,450.0
2014-12-02,Full Training,7:00am,"[Swimming, Legwork]",80.0,5,400.0
2015-11-17,Full Training,5:00pm,[Swimming],60.0,7,420.0
2015-11-15,Full Training,4:30pm,[Swimming],60.0,6 Hard,360.0
2015-11-14,Full Training,5:30am,[Swimming],60.0,4 Moderate,240.0
2015-11-10,Full Training,5:00pm,[Swimming],60.0,8 Very Hard,480.0
2015-11-09,Full Training,5:30am,[Swimming],120.0,7,840.0
2015-11-09,Full Training,5:30am,[Swimming],60.0,5,300.0
2015-11-08,Full Training,4:00pm,[Swimming],60.0,6 Hard,360.0
2015-11-03,Full Training,5:30am,[Swimming],90.0,9,810.0
2015-11-03,Full Training,5:00pm,[Swimming],60.0,8 Very Hard,480.0
2016-02-27,Full Training,5:00pm,[Swimming],60.0,6 Hard,360.0
2015-09-27,Full Training,5:00pm,[Swimming],60.0,5,300.0
2015-07-28,Full Training,5:00pm,[Swimming],60.0,6 Hard,360.0
2015-06-28,Full Training,5:00pm,[Swimming],120.0,4 Moderate,480.0
2015-10-19,Full Training,5:00pm,[Swimming],90.0,9,810.0
2015-10-18,Modified Training,5:00pm,[Swimming],60.0,6 Hard,360.0
2015-10-17,Full Training,5:00pm,[Swimming],60.0,6 Hard,360.0
2015-10-14,Full Training,5:00pm,[Swimming],60.0,4 Moderate,240.0
2015-10-13,Full Training,5:30am,[Swimming],120.0,6 Hard,720.0
2015-10-12,Full Training,5:00pm,[Swimming],60.0,9,540.0
2015-10-11,Full Training,5:30am,[Swimming],80.0,6 Hard,480.0
2015-10-11,Modified Training,2:30pm,[Swimming],60.0,7,420.0
2015-10-11,Full Training,5:00pm,[Swimming],60.0,4 Moderate,240.0
2015-10-11,Full Training,5:00pm,[Swimming],35.0,3,105.0
2015-10-10,Full Training,5:30am,[Swimming],150.0,8 Very Hard,1200.0
2015-10-10,Full Training,5:00pm,[Swimming],100.0,5,500.0
2015-10-10,Full Training,5:00pm,[Swimming],60.0,9,540.0
2015-10-08,Full Training,8:00am,[Swimming],90.0,6 Hard,540.0
2015-10-08,Full Training,9:30am,[Swimming],90.0,7,630.0
2015-10-06,Full Training,11:00am,[Swimming],60.0,7,420.0
2015-10-02,Full Training,12:00pm,[Swimming],90.0,8 Very Hard,720.0
2016-02-26,Full Training,11:00am,[Swimming],90.0,8 Very Hard,720.0
2016-01-27,Full Training,4:00pm,[Swimming],90.0,8 Very Hard,720.0
2015-12-27,Modified Training,9:30am,[Swimming],20.0,2 Light,40.0
2015-12-27,Full Training,9:30am,[Swimming],40.0,5,200.0
2015-09-26,Full Training,5:00pm,[Swimming],40.0,5,200.0
2015-07-27,Full Training,4:00pm,[Swimming],120.0,6 Hard,720.0
2015-03-29,Full Training,5:30am,[Swimming],120.0,8 Very Hard,960.0
2015-03-29,Modified Training,5:00pm,[Swimming],55.0,6 Hard,330.0
2015-03-29,Modified Training,5:00pm,[Swimming],,6 Hard,
2015-09-16,Full Training,10:30am,[Swimming],45.0,7,315.0
2015-09-16,Full Training,5:30am,[Swimming],90.0,6 Hard,540.0
2015-09-15,Full Training,5:30am,[Swimming],70.0,7,490.0
2015-09-15,Full Training,5:00pm,[Swimming],60.0,5,300.0
2015-09-15,Full Training,5:00pm,[Swimming],55.0,6 Hard,330.0
2015-09-14,Full Training,5:00pm,[Swimming],70.0,8 Very Hard,560.0
2015-09-13,Full Training,5:00pm,[Swimming],30.0,8 Very Hard,240.0
2015-09-12,Full Training,5:00pm,[Swimming],120.0,9,1080.0
2015-09-09,Full Training,8:00am,[Swimming],90.0,6 Hard,540.0
2015-09-08,Full Training,5:00pm,[Swimming],60.0,7,420.0
2015-09-07,Full Training,4:00pm,[Swimming],40.0,3,120.0
2015-09-07,Full Training,5:00pm,[Swimming],60.0,8 Very Hard,480.0
2015-09-06,Full Training,6:00pm,[Swimming],90.0,5,450.0
2015-09-06,Full Training,5:00pm,[Swimming],60.0,7,420.0
2015-09-05,Full Training,8:00am,[Swimming],90.0,7,630.0
2015-09-05,Full Training,5:00pm,[Swimming],65.0,9,585.0
2015-09-03,Full Training,8:00am,[Swimming],60.0,8 Very Hard,480.0
2015-09-02,Full Training,8:00am,[Swimming],90.0,8 Very Hard,720.0
2016-02-25,Full Training,8:00am,[Swimming],60.0,2 Light,120.0
2016-01-26,Full Training,5:00pm,[Swimming],120.0,4 Moderate,480.0
2016-01-26,Full Training,8:00am,[Swimming],90.0,7,630.0
2016-01-26,Full Training,6:00pm,[Swimming],60.0,8 Very Hard,480.0
2016-01-26,Full Training,6:00pm,[Swimming],60.0,8 Very Hard,480.0
2016-01-26,Full Training,6:00pm,[Swimming],60.0,10 Maximal,600.0
2015-12-26,Full Training,9:00am,[Swimming],65.0,5,325.0
2015-12-26,Full Training,5:30am,[Swimming],90.0,5,450.0
2015-11-26,Full Training,9:30am,[Swimming],60.0,4 Moderate,240.0
2015-09-25,Full Training,8:00am,[Swimming],45.0,6 Hard,270.0
2015-08-26,Full Training,9:30am,[Swimming],100.0,6 Hard,600.0
2015-07-26,Full Training,9:30am,[Swimming],75.0,7,525.0
2015-07-26,Full Training,5:30am,[Swimming],90.0,6 Hard,540.0
2015-06-26,Full Training,5:00pm,[Swimming],80.0,4 Moderate,320.0
2015-06-26,Full Training,5:00pm,[Swimming],60.0,8 Very Hard,480.0
2015-06-26,Full Training,5:00pm,[Swimming],65.0,10 Maximal,650.0
2015-06-26,Modified Training,6:00pm,[Swimming],20.0,4 Moderate,80.0
2015-05-26,Full Training,5:00pm,[Swimming],60.0,6 Hard,360.0
2015-04-28,Full Training,5:00pm,[Swimming],120.0,8 Very Hard,960.0
2015-04-28,Full Training,5:00pm,[Swimming],60.0,8 Very Hard,480.0
2015-04-28,Full Training,6:00pm,[Swimming],60.0,8 Very Hard,480.0
2015-08-20,Full Training,1:30pm,[Swimming],120.0,7,840.0
2015-08-19,Full Training,8:00am,[Swimming],90.0,9,810.0
2015-08-19,Full Training,8:00am,[Swimming],,9,
2015-08-19,Full Training,4:30pm,[Swimming],60.0,7,420.0
2015-08-18,Full Training,5:30am,[Swimming],90.0,6 Hard,540.0
2015-08-18,Full Training,5:00pm,[Swimming],60.0,6 Hard,360.0
2015-08-16,Full Training,5:00pm,[Swimming],60.0,8 Very Hard,480.0
2015-08-15,Full Training,8:30am,[Swimming],60.0,7,420.0
2015-08-15,Full Training,5:00pm,[Swimming],90.0,5,450.0
2015-08-13,Full Training,8:00am,[Swimming],80.0,8 Very Hard,640.0
2015-08-10,Full Training,6:30pm,[Swimming],90.0,9,810.0
2015-08-10,Full Training,6:00pm,[Swimming],60.0,8 Very Hard,480.0
2015-08-10,Full Training,6:30pm,[Swimming],60.0,7,420.0
2015-08-09,Full Training,5:00pm,[Swimming],70.0,7,490.0
2015-08-08,Full Training,6:00pm,[Swimming],,,0.0
2015-08-08,Full Training,6:30pm,[Swimming],,,0.0
2015-08-07,Full Training,10:00am,[Swimming],60.0,4 Moderate,240.0
2015-08-07,Full Training,3:00pm,[Swimming],60.0,5,300.0
2015-08-06,Full Training,8:00am,[Swimming],60.0,6 Hard,360.0
2015-08-06,Full Training,9:30am,[Swimming],90.0,7,630.0
2015-08-06,Full Training,3:00pm,[Swimming],60.0,2 Light,120.0
2015-08-04,Full Training,5:00pm,[Swimming],50.0,6 Hard,300.0
2015-08-03,Modified Training,6:30pm,[Swimming],10.0,2 Light,20.0
2015-08-02,Modified Training,5:30pm,[Swimming],60.0,5,300.0
2015-12-25,Full Training,10:30am,[Swimming],20.0,2 Light,40.0
2015-11-25,Full Training,10:00am,[Swimming],20.0,2 Light,40.0
2015-09-24,Full Training,5:30am,[Swimming],80.0,4 Moderate,320.0
2015-08-25,Full Training,5:30am,[Swimming],90.0,4 Moderate,360.0
2015-08-25,Full Training,5:30am,[Swimming],85.0,6 Hard,510.0
2015-08-25,Full Training,5:30am,[Swimming],120.0,6 Hard,720.0
2015-03-27,Full Training,5:30pm,[Swimming],60.0,5,300.0
2015-07-20,Full Training,6:30pm,[Swimming],60.0,6 Hard,360.0
2015-07-20,Full Training,4:30pm,[Swimming],60.0,6 Hard,360.0
2015-07-19,Full Training,6:30am,[Swimming],60.0,9,540.0
2015-07-19,Full Training,6.00am,[Swimming],60.0,7,420.0
2015-07-14,Full Training,5:30am,[Swimming],90.0,5,450.0
2015-07-14,Full Training,6:30am,[Swimming],60.0,6 Hard,360.0
2015-07-14,Full Training,6:00pm,[Swimming],50.0,6 Hard,300.0
2015-07-13,Full Training,4:30pm,[Swimming],150.0,6 Hard,900.0
2015-07-13,Full Training,4:30pm,[Swimming],45.0,8 Very Hard,360.0
2015-07-12,Full Training,6:30am,[Swimming],60.0,9,540.0
2015-07-12,Full Training,6:30am,[Swimming],60.0,6 Hard,360.0
2015-07-09,Modified Training,12:30pm,[Swimming],35.0,5,175.0
2015-07-07,Full Training,6:30am,[Swimming],60.0,5,300.0
2015-07-07,Full Training,6:30am,[Swimming],60.0,9,540.0
2015-07-07,Full Training,5:30am,[Swimming],90.0,4 Moderate,360.0
2015-07-06,Full Training,5:30am,[Swimming],60.0,6 Hard,360.0
2015-07-06,Full Training,4:30pm,[Swimming],30.0,2 Light,60.0
2015-07-05,Full Training,6:30am,[Swimming],60.0,6 Hard,360.0
2015-07-05,Full Training,6:00pm,[Swimming],50.0,8 Very Hard,400.0
2015-07-05,Full Training,9:30am,[Swimming],45.0,8 Very Hard,360.0
2015-07-05,Full Training,6:00pm,[Swimming],120.0,7,840.0
2015-07-04,Full Training,5:30am,[Swimming],60.0,5,300.0
2015-07-04,Full Training,8:30am,[Swimming],55.0,7,385.0
2016-02-23,Full Training,8:00am,[Swimming],135.0,6 Hard,810.0
2016-02-23,Modified Training,9:30am,[Swimming],60.0,4 Moderate,240.0
2015-12-24,Full Training,5:30am,[Swimming],120.0,4 Moderate,480.0
2015-12-24,Modified Training,6:30pm,[Swimming],20.0,2 Light,40.0
2015-12-24,Full Training,6:30am,[Swimming],60.0,6 Hard,360.0
2015-12-24,Modified Training,6:30pm,[Swimming],40.0,8 Very Hard,320.0
2015-12-24,Full Training,7:30pm,[Swimming],60.0,5,300.0
2015-10-24,Full Training,5:30am,[Swimming],85.0,5,425.0
2015-10-24,Full Training,9:30am,[Swimming],80.0,5,400.0
2015-04-26,Full Training,4:30pm,[Swimming],55.0,6 Hard,330.0
2015-04-26,Full Training,5:30pm,[Swimming],45.0,5,225.0
2015-03-26,Full Training,6:30am,[Swimming],100.0,6 Hard,600.0
2015-03-26,Full Training,6:30am,[Swimming],60.0,8 Very Hard,480.0
2015-06-17,Full Training,6.00am,[Swimming],60.0,7,420.0
2015-06-15,Full Training,6.00am,[Swimming],70.0,10 Maximal,700.0
2015-06-15,Full Training,6:00pm,[Swimming],60.0,7,420.0
2015-06-15,Full Training,4:30pm,[Swimming],60.0,3,180.0
2015-06-14,Full Training,6:30am,[Swimming],70.0,7,490.0
2015-06-14,Full Training,6:30am,[Swimming],60.0,9,540.0
2015-06-08,Full Training,6:00pm,[Swimming],40.0,5,200.0
2015-06-08,Full Training,4:30pm,[Swimming],60.0,8 Very Hard,480.0
2015-06-07,Full Training,6:30am,[Swimming],60.0,7,420.0
2015-06-07,Full Training,5:30am,[Swimming],60.0,10 Maximal,600.0
2015-06-07,Full Training,6:30am,[Swimming],60.0,8 Very Hard,480.0
2015-06-06,Full Training,5:30am,[Swimming],90.0,6 Hard,540.0
2015-06-06,Full Training,5:30am,[Swimming],80.0,6 Hard,480.0
2016-02-22,Full Training,5:30am,[Swimming],60.0,6 Hard,360.0
2016-02-22,Full Training,4:00pm,[Swimming],30.0,8 Very Hard,240.0
2016-01-23,Full Training,6:30am,[Swimming],55.0,8 Very Hard,440.0
2015-09-22,Full Training,5:30am,[Swimming],75.0,4 Moderate,300.0
2015-09-22,Full Training,5:30am,[Swimming],60.0,3,180.0
2015-06-23,Full Training,6:30am,[Swimming],75.0,10 Maximal,750.0
2015-03-25,Modified Training,9:30am,[Swimming],60.0,3,180.0
2015-03-25,Full Training,8:00am,[Swimming],120.0,6 Hard,720.0
2015-05-18,Full Training,5:30am,[Swimming],60.0,5,300.0
2015-05-17,Full Training,5:30am,[Swimming],120.0,8 Very Hard,960.0
2015-05-17,Full Training,6:30am,[Swimming],135.0,7,945.0
2015-05-14,Full Training,8:30am,[Swimming],30.0,2 Light,60.0
2015-05-13,Full Training,9:30am,[Swimming],30.0,2 Light,60.0
2015-05-12,Full Training,6:30am,[Swimming],140.0,7,980.0
2015-05-11,Full Training,5:30pm,[Swimming],45.0,4 Moderate,180.0
2015-05-10,Full Training,7:30am,[Swimming],90.0,10 Maximal,900.0
2015-05-10,Full Training,6:30pm,[Swimming],150.0,10 Maximal,1500.0
2015-05-09,Full Training,5:30am,[Swimming],85.0,6 Hard,510.0
2015-05-07,Full Training,9:00am,[Swimming],45.0,2 Light,90.0
2015-05-05,Full Training,6:30pm,[Swimming],90.0,8 Very Hard,720.0
2016-02-21,Full Training,4:30pm,[Swimming],60.0,8 Very Hard,480.0
2016-01-22,Full Training,5:30am,[Swimming],120.0,6 Hard,720.0
2016-01-22,Full Training,6.00am,[Swimming],75.0,8 Very Hard,600.0
2015-12-22,Full Training,5:30am,[Swimming],80.0,7,560.0
2015-10-22,Full Training,3:00pm,[Swimming],60.0,8 Very Hard,480.0
2015-08-22,Full Training,5:30am,[Swimming],120.0,6 Hard,720.0
2015-07-22,Full Training,4:30pm,[Swimming],60.0,5,300.0
2015-07-22,Full Training,6.00am,[Swimming],60.0,7,420.0
2015-06-22,Full Training,7:00am,[Swimming],90.0,8 Very Hard,720.0
2015-04-20,Full Training,8:00am,[Swimming],90.0,8 Very Hard,720.0
2015-04-19,Full Training,8:00am,[Swimming],120.0,7,840.0
2015-04-19,Full Training,6:00pm,[Swimming],65.0,6 Hard,390.0
2015-04-16,Full Training,3:00pm,[Swimming],60.0,5,300.0
2015-04-16,Full Training,3:00pm,[Swimming],,5,
2015-04-16,Full Training,3:00pm,[Swimming],,5,
2015-04-14,Full Training,5:30am,[Swimming],120.0,7,840.0
2015-04-14,Full Training,7:00am,[Swimming],120.0,5,600.0
2015-04-14,Full Training,7:00am,[Swimming],120.0,6 Hard,720.0
2015-04-13,Full Training,6.00am,[Swimming],60.0,6 Hard,360.0
2015-04-12,Full Training,5:30am,[Swimming],120.0,6 Hard,720.0
2015-04-11,Full Training,6:00pm,[Swimming],60.0,6 Hard,360.0
2015-04-09,Full Training,8:00am,[Swimming],120.0,6 Hard,720.0
2015-04-04,Full Training,6:00pm,[Swimming],60.0,7,420.0
2015-11-21,Full Training,7:00am,[Swimming],90.0,9,810.0
2015-11-21,Full Training,7:00am,[Swimming],,9,
2015-11-21,Full Training,7:00am,[Swimming],90.0,8 Very Hard,720.0
2015-10-21,Full Training,6.00am,[Swimming],60.0,7,420.0
2015-09-20,Full Training,5:30am,[Swimming],120.0,7,840.0
2015-04-23,Other training,3:00pm,[Swimming],40.0,5,200.0
2015-03-23,Other training,2:30pm,[Swimming],60.0,6 Hard,360.0
2015-03-22,Other training,11:00am,[Swimming],60.0,6 Hard,360.0
2015-03-21,Full Training,7:30am,[Swimming],60.0,4 Moderate,240.0
2015-03-21,Modified Training,2:00pm,[Swimming],30.0,3,90.0
2015-03-19,Full Training,6:30am,[Swimming],60.0,4 Moderate,240.0
2015-03-18,Full Training,7:30am,[Swimming],45.0,7,315.0
2015-03-07,Full Training,6:30am,[Swimming],120.0,9,1080.0
2014-12-02,Modified Training,6:00pm,[Swimming],60.0,3,180.0
2014-08-01,Full Training,7:00am,[Swimming],90.0,5,450.0
2014-08-01,Full Training,7:00am,[Swimming],90.0,6 Hard,540.0
2015-03-02,Full Training,5:30pm,[Swimming],40.0,5,200.0
